order_item_id,order_id,product_id,quantity,unit_price,total_price
OI000001,O000392,P0009,5,220.03,1100.15
OI000002,O000072,P0163,1,124.01,124.01
OI000003,O000715,P0006,4,64.76,259.04
OI000004,O000428,P0043,5,62.64,313.2
OI000005,O000453,P0033,2,69.13,138.26
OI000006,O000423,P0042,3,84.32,252.96
OI000007,O000785,P0156,3,33.32,99.96
OI000008,O000287,P0129,3,43.04,129.12
OI000009,O000802,P0126,3,57.21,171.63
OI000010,O000415,P0027,3,38.79,116.37
OI000011,O000498,P0073,3,112.77,338.31
OI000012,O000165,P0047,2,308.95,617.9
OI000013,O000344,P0101,2,29.46,58.92
OI000014,O000677,P0199,4,341.73,1366.92
OI000015,O000237,P0176,4,215.29,861.16
OI000016,O000097,P0104,5,53.78,268.9
OI000017,O000399,P0122,2,112.3,224.6
OI000018,O000937,P0118,3,118.57,355.71
OI000019,O000874,P0001,5,205.63,1028.15
OI000020,O000852,P0019,5,67.31,336.55
OI000021,O000957,P0186,2,59.97,119.94
OI000022,O000266,P0096,3,65.44,196.32
OI000023,O000078,P0020,2,244.35,488.7
OI000024,O000645,P0139,1,175.56,175.56
OI000025,O000449,P0062,4,71.74,286.96
OI000026,O000519,P0002,4,91.67,366.68
OI000027,O000057,P0017,4,48.14,192.56
OI000028,O000180,P0062,3,71.74,215.22
OI000029,O000317,P0020,2,244.35,488.7
OI000030,O000442,P0157,5,329.97,1649.85
OI000031,O000825,P0047,3,308.95,926.85
OI000032,O000403,P0165,4,133.56,534.24
OI000033,O000799,P0190,2,109.52,219.04
OI000034,O000240,P0053,3,89.14,267.42
OI000035,O000460,P0096,5,65.44,327.2
OI000036,O000132,P0153,1,83.43,83.43
OI000037,O000887,P0199,2,341.73,683.46
OI000038,O000409,P0015,2,75.36,150.72
OI000039,O000380,P0176,1,215.29,215.29
OI000040,O000407,P0089,1,137.76,137.76
OI000041,O000035,P0189,4,131.12,524.48
OI000042,O000310,P0043,5,62.64,313.2
OI000043,O000459,P0059,4,193.41,773.64
OI000044,O000469,P0102,4,112.47,449.88
OI000045,O000980,P0079,1,116.9,116.9
OI000046,O000638,P0038,2,68.52,137.04
OI000047,O000788,P0162,3,274.18,822.54
OI000048,O000106,P0005,2,283.06,566.12
OI000049,O000936,P0188,3,252.61,757.83
OI000050,O000993,P0120,2,55.36,110.72
OI000051,O000338,P0074,3,68.57,205.71
OI000052,O000300,P0075,5,101.68,508.4
OI000053,O000898,P0054,5,31.28,156.4
OI000054,O000748,P0102,3,112.47,337.41
OI000055,O000139,P0062,5,71.74,358.7
OI000056,O000024,P0173,2,93.0,186.0
OI000057,O000832,P0087,5,76.86,384.3
OI000058,O000576,P0008,1,76.87,76.87
OI000059,O000276,P0094,4,76.44,305.76
OI000060,O000680,P0130,2,113.44,226.88
OI000061,O000112,P0068,1,67.6,67.6
OI000062,O000200,P0022,1,111.65,111.65
OI000063,O000491,P0059,1,193.41,193.41
OI000064,O000058,P0085,4,82.19,328.76
OI000065,O000687,P0036,5,117.88,589.4
OI000066,O000494,P0085,3,82.19,246.57
OI000067,O000573,P0045,3,55.08,165.24
OI000068,O000189,P0199,4,341.73,1366.92
OI000069,O000399,P0142,1,59.27,59.27
OI000070,O000307,P0089,3,137.76,413.28
OI000071,O000339,P0008,5,76.87,384.35
OI000072,O000394,P0072,4,138.56,554.24
OI000073,O000008,P0046,3,93.66,280.98
OI000074,O000119,P0107,1,246.04,246.04
OI000075,O000294,P0153,4,83.43,333.72
OI000076,O000142,P0049,1,210.17,210.17
OI000077,O000945,P0072,4,138.56,554.24
OI000078,O000614,P0123,1,81.92,81.92
OI000079,O000849,P0112,2,101.84,203.68
OI000080,O000505,P0075,2,101.68,203.36
OI000081,O000158,P0080,5,282.38,1411.9
OI000082,O000552,P0106,4,121.07,484.28
OI000083,O000357,P0067,1,337.1,337.1
OI000084,O000054,P0054,5,31.28,156.4
OI000085,O000212,P0153,3,83.43,250.29
OI000086,O000104,P0149,3,60.85,182.55
OI000087,O000840,P0181,4,59.13,236.52
OI000088,O000964,P0019,2,67.31,134.62
OI000089,O000575,P0002,4,91.67,366.68
OI000090,O000903,P0132,3,67.76,203.28
OI000091,O000227,P0063,3,104.03,312.09
OI000092,O000973,P0081,4,78.99,315.96
OI000093,O000091,P0087,4,76.86,307.44
OI000094,O000280,P0106,3,121.07,363.21
OI000095,O000125,P0094,2,76.44,152.88
OI000096,O000562,P0051,3,136.99,410.97
OI000097,O000279,P0074,2,68.57,137.14
OI000098,O000251,P0039,1,281.89,281.89
OI000099,O000024,P0088,2,107.19,214.38
OI000100,O000390,P0197,3,188.73,566.19
OI000101,O000648,P0172,1,71.84,71.84
OI000102,O000673,P0171,2,98.58,197.16
OI000103,O000469,P0168,3,72.78,218.34
OI000104,O000142,P0147,4,323.57,1294.28
OI000105,O000939,P0143,4,31.09,124.36
OI000106,O000668,P0083,5,97.42,487.1
OI000107,O000934,P0174,4,347.83,1391.32
OI000108,O000828,P0162,5,274.18,1370.9
OI000109,O000453,P0118,4,118.57,474.28
OI000110,O000323,P0039,4,281.89,1127.56
OI000111,O000147,P0118,1,118.57,118.57
OI000112,O000030,P0170,2,97.07,194.14
OI000113,O000586,P0102,3,112.47,337.41
OI000114,O000788,P0116,1,345.28,345.28
OI000115,O000683,P0085,2,82.19,164.38
OI000116,O000541,P0028,3,46.28,138.84
OI000117,O000211,P0197,5,188.73,943.65
OI000118,O000875,P0023,2,260.5,521.0
OI000119,O000996,P0034,4,118.3,473.2
OI000120,O000171,P0008,1,76.87,76.87
OI000121,O000986,P0119,1,37.99,37.99
OI000122,O000211,P0176,3,215.29,645.87
OI000123,O000661,P0187,1,36.09,36.09
OI000124,O000436,P0057,2,429.62,859.24
OI000125,O000310,P0034,2,118.3,236.6
OI000126,O000616,P0109,3,269.31,807.93
OI000127,O000416,P0148,4,300.56,1202.24
OI000128,O000857,P0010,4,48.48,193.92
OI000129,O000423,P0046,2,93.66,187.32
OI000130,O000754,P0106,3,121.07,363.21
OI000131,O000892,P0149,1,60.85,60.85
OI000132,O000375,P0196,4,97.68,390.72
OI000133,O000205,P0018,2,368.51,737.02
OI000134,O000625,P0043,2,62.64,125.28
OI000135,O000195,P0083,1,97.42,97.42
OI000136,O000151,P0121,3,79.61,238.83
OI000137,O000430,P0173,4,93.0,372.0
OI000138,O000751,P0116,5,345.28,1726.4
OI000139,O000262,P0141,1,247.81,247.81
OI000140,O000281,P0091,2,53.61,107.22
OI000141,O000599,P0155,2,81.82,163.64
OI000142,O000254,P0055,3,99.52,298.56
OI000143,O000269,P0194,3,284.46,853.38
OI000144,O000804,P0133,4,447.5,1790.0
OI000145,O000157,P0006,4,64.76,259.04
OI000146,O000838,P0122,5,112.3,561.5
OI000147,O000795,P0006,5,64.76,323.8
OI000148,O000182,P0189,4,131.12,524.48
OI000149,O000720,P0007,1,360.51,360.51
OI000150,O000437,P0123,1,81.92,81.92
OI000151,O000807,P0181,5,59.13,295.65
OI000152,O000977,P0128,3,81.48,244.44
OI000153,O000740,P0083,2,97.42,194.84
OI000154,O000502,P0095,1,300.44,300.44
OI000155,O000225,P0034,1,118.3,118.3
OI000156,O000112,P0062,2,71.74,143.48
OI000157,O000526,P0125,4,339.63,1358.52
OI000158,O000905,P0185,4,333.87,1335.48
OI000159,O000419,P0141,5,247.81,1239.05
OI000160,O000166,P0078,5,78.12,390.6
OI000161,O000510,P0081,2,78.99,157.98
OI000162,O000123,P0134,1,39.68,39.68
OI000163,O000930,P0092,1,251.54,251.54
OI000164,O000724,P0119,4,37.99,151.96
OI000165,O000489,P0120,5,55.36,276.8
OI000166,O000665,P0068,2,67.6,135.2
OI000167,O000569,P0093,2,133.0,266.0
OI000168,O000266,P0145,5,45.17,225.85
OI000169,O000113,P0026,1,120.5,120.5
OI000170,O000816,P0176,5,215.29,1076.45
OI000171,O000222,P0183,3,79.24,237.72
OI000172,O000041,P0159,5,86.03,430.15
OI000173,O000469,P0133,3,447.5,1342.5
OI000174,O000422,P0047,3,308.95,926.85
OI000175,O000456,P0073,4,112.77,451.08
OI000176,O000125,P0034,4,118.3,473.2
OI000177,O000719,P0185,5,333.87,1669.35
OI000178,O000505,P0052,2,81.47,162.94
OI000179,O000862,P0022,5,111.65,558.25
OI000180,O000002,P0074,1,68.57,68.57
OI000181,O000361,P0131,5,93.84,469.2
OI000182,O000169,P0058,4,390.27,1561.08
OI000183,O000103,P0150,3,172.48,517.44
OI000184,O000092,P0140,1,420.42,420.42
OI000185,O000607,P0159,2,86.03,172.06
OI000186,O000086,P0113,5,20.11,100.55
OI000187,O000497,P0094,3,76.44,229.32
OI000188,O000046,P0127,5,56.63,283.15
OI000189,O000140,P0091,4,53.61,214.44
OI000190,O000221,P0184,2,93.76,187.52
OI000191,O000544,P0005,4,283.06,1132.24
OI000192,O000577,P0037,2,163.56,327.12
OI000193,O000694,P0167,1,107.33,107.33
OI000194,O000221,P0157,1,329.97,329.97
OI000195,O000131,P0071,2,108.8,217.6
OI000196,O000798,P0187,1,36.09,36.09
OI000197,O000825,P0030,1,45.34,45.34
OI000198,O000575,P0169,1,260.33,260.33
OI000199,O000862,P0035,4,46.2,184.8
OI000200,O000645,P0153,3,83.43,250.29
OI000201,O000427,P0058,3,390.27,1170.81
OI000202,O000392,P0116,5,345.28,1726.4
OI000203,O000520,P0101,1,29.46,29.46
OI000204,O000594,P0086,4,69.43,277.72
OI000205,O000945,P0175,1,226.29,226.29
OI000206,O000469,P0187,5,36.09,180.45
OI000207,O000791,P0172,2,71.84,143.68
OI000208,O000918,P0127,2,56.63,113.26
OI000209,O000781,P0046,2,93.66,187.32
OI000210,O000229,P0062,1,71.74,71.74
OI000211,O000913,P0148,2,300.56,601.12
OI000212,O000965,P0064,3,105.72,317.16
OI000213,O000440,P0056,1,175.19,175.19
OI000214,O000619,P0175,4,226.29,905.16
OI000215,O000291,P0029,1,137.48,137.48
OI000216,O000734,P0159,2,86.03,172.06
OI000217,O000657,P0051,3,136.99,410.97
OI000218,O000032,P0152,3,124.65,373.95
OI000219,O000531,P0165,1,133.56,133.56
OI000220,O000505,P0197,5,188.73,943.65
OI000221,O000890,P0102,2,112.47,224.94
OI000222,O000157,P0177,2,271.9,543.8
OI000223,O000231,P0043,3,62.64,187.92
OI000224,O000631,P0121,3,79.61,238.83
OI000225,O000466,P0135,4,118.42,473.68
OI000226,O000484,P0125,1,339.63,339.63
OI000227,O000687,P0154,4,418.25,1673.0
OI000228,O000318,P0142,5,59.27,296.35
OI000229,O000058,P0073,2,112.77,225.54
OI000230,O000153,P0163,5,124.01,620.05
OI000231,O000399,P0075,3,101.68,305.04
OI000232,O000911,P0141,1,247.81,247.81
OI000233,O000225,P0074,1,68.57,68.57
OI000234,O000661,P0063,5,104.03,520.15
OI000235,O000249,P0105,2,184.9,369.8
OI000236,O000579,P0030,2,45.34,90.68
OI000237,O000826,P0186,4,59.97,239.88
OI000238,O000908,P0054,2,31.28,62.56
OI000239,O000286,P0057,4,429.62,1718.48
OI000240,O000137,P0152,3,124.65,373.95
OI000241,O000323,P0065,4,107.74,430.96
OI000242,O000224,P0147,4,323.57,1294.28
OI000243,O000471,P0009,4,220.03,880.12
OI000244,O000650,P0088,4,107.19,428.76
OI000245,O000479,P0140,3,420.42,1261.26
OI000246,O000485,P0098,3,87.52,262.56
OI000247,O000510,P0086,1,69.43,69.43
OI000248,O000971,P0155,3,81.82,245.46
OI000249,O000337,P0148,1,300.56,300.56
OI000250,O000317,P0049,2,210.17,420.34
OI000251,O000601,P0046,2,93.66,187.32
OI000252,O000273,P0107,1,246.04,246.04
OI000253,O000595,P0129,2,43.04,86.08
OI000254,O000568,P0196,4,97.68,390.72
OI000255,O000248,P0096,3,65.44,196.32
OI000256,O000293,P0137,3,98.66,295.98
OI000257,O000382,P0030,2,45.34,90.68
OI000258,O000990,P0164,5,221.03,1105.15
OI000259,O000984,P0061,1,68.73,68.73
OI000260,O000686,P0146,1,62.75,62.75
OI000261,O000023,P0030,1,45.34,45.34
OI000262,O000474,P0123,2,81.92,163.84
OI000263,O000896,P0075,5,101.68,508.4
OI000264,O000211,P0162,4,274.18,1096.72
OI000265,O000728,P0044,4,83.65,334.6
OI000266,O000236,P0133,1,447.5,447.5
OI000267,O000536,P0110,5,129.63,648.15
OI000268,O000927,P0166,3,114.06,342.18
OI000269,O000454,P0012,5,45.12,225.6
OI000270,O000834,P0094,1,76.44,76.44
OI000271,O000539,P0111,1,80.09,80.09
OI000272,O000349,P0108,3,73.46,220.38
OI000273,O000914,P0102,1,112.47,112.47
OI000274,O000946,P0137,5,98.66,493.3
OI000275,O000175,P0117,5,227.62,1138.1
OI000276,O000512,P0024,4,81.07,324.28
OI000277,O000872,P0031,5,88.15,440.75
OI000278,O000175,P0181,5,59.13,295.65
OI000279,O000894,P0191,1,267.43,267.43
OI000280,O000675,P0038,1,68.52,68.52
OI000281,O000739,P0056,5,175.19,875.95
OI000282,O000330,P0179,3,423.2,1269.6
OI000283,O000286,P0200,2,98.0,196.0
OI000284,O000462,P0056,5,175.19,875.95
OI000285,O000698,P0019,5,67.31,336.55
OI000286,O000575,P0150,1,172.48,172.48
OI000287,O000708,P0004,5,289.27,1446.35
OI000288,O000067,P0070,4,104.08,416.32
OI000289,O000512,P0059,3,193.41,580.23
OI000290,O000264,P0148,2,300.56,601.12
OI000291,O000788,P0082,1,108.55,108.55
OI000292,O000873,P0137,2,98.66,197.32
OI000293,O000396,P0183,3,79.24,237.72
OI000294,O000241,P0094,5,76.44,382.2
OI000295,O000477,P0067,2,337.1,674.2
OI000296,O000535,P0033,2,69.13,138.26
OI000297,O000011,P0038,2,68.52,137.04
OI000298,O000358,P0106,5,121.07,605.35
OI000299,O000622,P0140,1,420.42,420.42
OI000300,O000120,P0174,1,347.83,347.83
OI000301,O000101,P0029,3,137.48,412.44
OI000302,O000799,P0082,3,108.55,325.65
OI000303,O000882,P0174,3,347.83,1043.49
OI000304,O000657,P0191,4,267.43,1069.72
OI000305,O000737,P0154,3,418.25,1254.75
OI000306,O000203,P0070,1,104.08,104.08
OI000307,O000726,P0044,1,83.65,83.65
OI000308,O000252,P0031,2,88.15,176.3
OI000309,O000486,P0014,5,160.43,802.15
OI000310,O000938,P0080,3,282.38,847.14
OI000311,O000204,P0001,2,205.63,411.26
OI000312,O000779,P0029,5,137.48,687.4
OI000313,O000674,P0023,1,260.5,260.5
OI000314,O000371,P0197,1,188.73,188.73
OI000315,O000639,P0022,4,111.65,446.6
OI000316,O000853,P0035,4,46.2,184.8
OI000317,O000280,P0130,4,113.44,453.76
OI000318,O000797,P0127,1,56.63,56.63
OI000319,O000127,P0192,4,233.79,935.16
OI000320,O000428,P0048,4,22.94,91.76
OI000321,O000512,P0139,1,175.56,175.56
OI000322,O000865,P0027,4,38.79,155.16
OI000323,O000152,P0142,3,59.27,177.81
OI000324,O000019,P0173,5,93.0,465.0
OI000325,O000053,P0051,2,136.99,273.98
OI000326,O000157,P0037,4,163.56,654.24
OI000327,O000264,P0096,1,65.44,65.44
OI000328,O000040,P0195,1,68.25,68.25
OI000329,O000864,P0004,5,289.27,1446.35
OI000330,O000392,P0141,5,247.81,1239.05
OI000331,O000684,P0034,3,118.3,354.9
OI000332,O000978,P0158,1,93.37,93.37
OI000333,O000105,P0084,1,100.61,100.61
OI000334,O000072,P0020,4,244.35,977.4
OI000335,O000361,P0160,4,92.71,370.84
OI000336,O000983,P0077,1,59.39,59.39
OI000337,O000221,P0142,2,59.27,118.54
OI000338,O000108,P0067,1,337.1,337.1
OI000339,O000278,P0160,4,92.71,370.84
OI000340,O000769,P0031,2,88.15,176.3
OI000341,O000928,P0090,4,105.69,422.76
OI000342,O000752,P0149,2,60.85,121.7
OI000343,O000879,P0152,3,124.65,373.95
OI000344,O000282,P0053,3,89.14,267.42
OI000345,O000710,P0184,5,93.76,468.8
OI000346,O000462,P0076,1,79.1,79.1
OI000347,O000631,P0040,2,73.43,146.86
OI000348,O000954,P0089,1,137.76,137.76
OI000349,O000356,P0017,1,48.14,48.14
OI000350,O000640,P0051,2,136.99,273.98
OI000351,O000647,P0136,2,60.43,120.86
OI000352,O000647,P0193,5,76.48,382.4
OI000353,O000154,P0133,3,447.5,1342.5
OI000354,O000230,P0046,4,93.66,374.64
OI000355,O000176,P0094,4,76.44,305.76
OI000356,O000531,P0192,4,233.79,935.16
OI000357,O000693,P0105,5,184.9,924.5
OI000358,O000441,P0109,2,269.31,538.62
OI000359,O000314,P0021,3,115.8,347.4
OI000360,O000299,P0187,5,36.09,180.45
OI000361,O000011,P0132,3,67.76,203.28
OI000362,O000446,P0036,5,117.88,589.4
OI000363,O000864,P0102,3,112.47,337.41
OI000364,O000327,P0156,1,33.32,33.32
OI000365,O000208,P0134,1,39.68,39.68
OI000366,O000899,P0121,2,79.61,159.22
OI000367,O000572,P0009,1,220.03,220.03
OI000368,O000163,P0115,3,47.59,142.77
OI000369,O000159,P0043,5,62.64,313.2
OI000370,O000675,P0102,2,112.47,224.94
OI000371,O000983,P0064,2,105.72,211.44
OI000372,O000451,P0099,3,136.69,410.07
OI000373,O000507,P0137,1,98.66,98.66
OI000374,O000210,P0199,4,341.73,1366.92
OI000375,O000173,P0061,4,68.73,274.92
OI000376,O000996,P0161,3,98.07,294.21
OI000377,O000601,P0114,5,100.79,503.95
OI000378,O000699,P0077,3,59.39,178.17
OI000379,O000252,P0116,3,345.28,1035.84
OI000380,O000705,P0093,1,133.0,133.0
OI000381,O000859,P0162,5,274.18,1370.9
OI000382,O000743,P0100,1,83.19,83.19
OI000383,O000736,P0198,5,267.05,1335.25
OI000384,O000419,P0172,1,71.84,71.84
OI000385,O000420,P0112,4,101.84,407.36
OI000386,O000871,P0138,2,117.83,235.66
OI000387,O000505,P0097,1,24.44,24.44
OI000388,O000554,P0155,2,81.82,163.64
OI000389,O000594,P0061,2,68.73,137.46
OI000390,O000398,P0045,5,55.08,275.4
OI000391,O000217,P0156,5,33.32,166.6
OI000392,O000231,P0091,3,53.61,160.83
OI000393,O000071,P0017,3,48.14,144.42
OI000394,O000196,P0043,2,62.64,125.28
OI000395,O000208,P0062,4,71.74,286.96
OI000396,O000747,P0072,3,138.56,415.68
OI000397,O000200,P0135,3,118.42,355.26
OI000398,O000944,P0009,2,220.03,440.06
OI000399,O000379,P0182,3,99.66,298.98
OI000400,O000338,P0196,5,97.68,488.4
OI000401,O000387,P0003,3,251.79,755.37
OI000402,O000937,P0107,1,246.04,246.04
OI000403,O000548,P0198,1,267.05,267.05
OI000404,O000691,P0029,2,137.48,274.96
OI000405,O000651,P0031,5,88.15,440.75
OI000406,O000302,P0023,4,260.5,1042.0
OI000407,O000141,P0026,5,120.5,602.5
OI000408,O000515,P0178,2,284.43,568.86
OI000409,O000595,P0191,2,267.43,534.86
OI000410,O000626,P0010,2,48.48,96.96
OI000411,O000382,P0092,2,251.54,503.08
OI000412,O000172,P0005,5,283.06,1415.3
OI000413,O000760,P0012,4,45.12,180.48
OI000414,O000881,P0120,1,55.36,55.36
OI000415,O000864,P0176,5,215.29,1076.45
OI000416,O000477,P0091,3,53.61,160.83
OI000417,O000312,P0026,5,120.5,602.5
OI000418,O000919,P0198,5,267.05,1335.25
OI000419,O000661,P0153,2,83.43,166.86
OI000420,O000305,P0051,5,136.99,684.95
OI000421,O000232,P0081,4,78.99,315.96
OI000422,O000329,P0136,4,60.43,241.72
OI000423,O000673,P0028,2,46.28,92.56
OI000424,O000099,P0173,1,93.0,93.0
OI000425,O000103,P0161,2,98.07,196.14
OI000426,O000049,P0180,2,43.78,87.56
OI000427,O000917,P0061,4,68.73,274.92
OI000428,O000699,P0048,1,22.94,22.94
OI000429,O000693,P0026,4,120.5,482.0
OI000430,O000177,P0138,4,117.83,471.32
OI000431,O000523,P0188,2,252.61,505.22
OI000432,O000090,P0132,5,67.76,338.8
OI000433,O000468,P0046,2,93.66,187.32
OI000434,O000747,P0143,1,31.09,31.09
OI000435,O000247,P0147,4,323.57,1294.28
OI000436,O000472,P0003,1,251.79,251.79
OI000437,O000966,P0055,5,99.52,497.6
OI000438,O000037,P0187,1,36.09,36.09
OI000439,O000231,P0152,3,124.65,373.95
OI000440,O000012,P0117,4,227.62,910.48
OI000441,O000963,P0097,5,24.44,122.2
OI000442,O000544,P0084,2,100.61,201.22
OI000443,O000030,P0193,5,76.48,382.4
OI000444,O000958,P0178,3,284.43,853.29
OI000445,O000195,P0172,1,71.84,71.84
OI000446,O000037,P0110,4,129.63,518.52
OI000447,O000455,P0159,5,86.03,430.15
OI000448,O000290,P0109,4,269.31,1077.24
OI000449,O000895,P0031,1,88.15,88.15
OI000450,O000615,P0017,4,48.14,192.56
OI000451,O000370,P0042,5,84.32,421.6
OI000452,O000317,P0126,4,57.21,228.84
OI000453,O000473,P0128,3,81.48,244.44
OI000454,O000223,P0144,2,71.73,143.46
OI000455,O000633,P0090,1,105.69,105.69
OI000456,O000677,P0023,1,260.5,260.5
OI000457,O000921,P0100,5,83.19,415.95
OI000458,O000746,P0188,2,252.61,505.22
OI000459,O000143,P0124,3,83.79,251.37
OI000460,O000625,P0135,4,118.42,473.68
OI000461,O000728,P0177,2,271.9,543.8
OI000462,O000876,P0104,2,53.78,107.56
OI000463,O000833,P0142,2,59.27,118.54
OI000464,O000593,P0133,2,447.5,895.0
OI000465,O000889,P0032,1,98.45,98.45
OI000466,O000988,P0152,2,124.65,249.3
OI000467,O000766,P0020,2,244.35,488.7
OI000468,O000356,P0152,2,124.65,249.3
OI000469,O000804,P0010,5,48.48,242.4
OI000470,O000459,P0135,2,118.42,236.84
OI000471,O000390,P0001,2,205.63,411.26
OI000472,O000792,P0185,5,333.87,1669.35
OI000473,O000802,P0188,1,252.61,252.61
OI000474,O000968,P0064,5,105.72,528.6
OI000475,O000542,P0095,5,300.44,1502.2
OI000476,O000137,P0082,1,108.55,108.55
OI000477,O000990,P0055,3,99.52,298.56
OI000478,O000525,P0098,2,87.52,175.04
OI000479,O000201,P0145,4,45.17,180.68
OI000480,O000498,P0151,3,373.89,1121.67
OI000481,O000160,P0071,5,108.8,544.0
OI000482,O000723,P0176,5,215.29,1076.45
OI000483,O000326,P0019,3,67.31,201.93
OI000484,O000424,P0193,3,76.48,229.44
OI000485,O000636,P0154,5,418.25,2091.25
OI000486,O000325,P0064,2,105.72,211.44
OI000487,O000203,P0148,3,300.56,901.68
OI000488,O000170,P0149,3,60.85,182.55
OI000489,O000159,P0019,1,67.31,67.31
OI000490,O000063,P0118,5,118.57,592.85
OI000491,O000446,P0198,4,267.05,1068.2
OI000492,O000578,P0042,5,84.32,421.6
OI000493,O000117,P0132,2,67.76,135.52
OI000494,O000756,P0029,2,137.48,274.96
OI000495,O000584,P0135,4,118.42,473.68
OI000496,O000145,P0071,2,108.8,217.6
OI000497,O000861,P0148,4,300.56,1202.24
OI000498,O000056,P0141,1,247.81,247.81
OI000499,O000148,P0050,4,115.95,463.8
OI000500,O000784,P0119,1,37.99,37.99
OI000501,O000064,P0052,1,81.47,81.47
OI000502,O000250,P0061,1,68.73,68.73
OI000503,O000575,P0155,3,81.82,245.46
OI000504,O000531,P0170,2,97.07,194.14
OI000505,O000440,P0088,2,107.19,214.38
OI000506,O000550,P0100,4,83.19,332.76
OI000507,O000188,P0175,1,226.29,226.29
OI000508,O000233,P0117,3,227.62,682.86
OI000509,O000914,P0059,2,193.41,386.82
OI000510,O000132,P0173,3,93.0,279.0
OI000511,O000933,P0176,5,215.29,1076.45
OI000512,O000707,P0016,5,75.2,376.0
OI000513,O000686,P0003,4,251.79,1007.16
OI000514,O000100,P0131,3,93.84,281.52
OI000515,O000379,P0011,3,332.11,996.33
OI000516,O000708,P0092,3,251.54,754.62
OI000517,O000668,P0016,4,75.2,300.8
OI000518,O000513,P0136,3,60.43,181.29
OI000519,O000216,P0185,5,333.87,1669.35
OI000520,O000806,P0157,2,329.97,659.94
OI000521,O000953,P0157,3,329.97,989.91
OI000522,O000593,P0027,1,38.79,38.79
OI000523,O000602,P0067,1,337.1,337.1
OI000524,O000557,P0055,2,99.52,199.04
OI000525,O000011,P0021,5,115.8,579.0
OI000526,O000332,P0041,4,329.52,1318.08
OI000527,O000910,P0177,5,271.9,1359.5
OI000528,O000116,P0034,5,118.3,591.5
OI000529,O000309,P0116,4,345.28,1381.12
OI000530,O000940,P0028,4,46.28,185.12
OI000531,O000625,P0053,4,89.14,356.56
OI000532,O000571,P0121,4,79.61,318.44
OI000533,O000647,P0046,3,93.66,280.98
OI000534,O000882,P0036,1,117.88,117.88
OI000535,O000830,P0126,5,57.21,286.05
OI000536,O000642,P0072,5,138.56,692.8
OI000537,O000683,P0085,2,82.19,164.38
OI000538,O000022,P0186,2,59.97,119.94
OI000539,O000739,P0104,4,53.78,215.12
OI000540,O000752,P0118,4,118.57,474.28
OI000541,O000672,P0070,4,104.08,416.32
OI000542,O000289,P0079,1,116.9,116.9
OI000543,O000658,P0123,2,81.92,163.84
OI000544,O000104,P0077,2,59.39,118.78
OI000545,O000138,P0194,1,284.46,284.46
OI000546,O000110,P0183,2,79.24,158.48
OI000547,O000770,P0007,4,360.51,1442.04
OI000548,O000539,P0166,3,114.06,342.18
OI000549,O000323,P0200,3,98.0,294.0
OI000550,O000518,P0133,4,447.5,1790.0
OI000551,O000406,P0054,2,31.28,62.56
OI000552,O000570,P0105,2,184.9,369.8
OI000553,O000206,P0196,4,97.68,390.72
OI000554,O000603,P0128,2,81.48,162.96
OI000555,O000602,P0181,3,59.13,177.39
OI000556,O000664,P0153,1,83.43,83.43
OI000557,O000363,P0062,3,71.74,215.22
OI000558,O000301,P0200,5,98.0,490.0
OI000559,O000860,P0061,3,68.73,206.19
OI000560,O000369,P0175,2,226.29,452.58
OI000561,O000708,P0149,4,60.85,243.4
OI000562,O000304,P0143,2,31.09,62.18
OI000563,O000968,P0192,2,233.79,467.58
OI000564,O000514,P0078,4,78.12,312.48
OI000565,O000361,P0031,4,88.15,352.6
OI000566,O000484,P0197,1,188.73,188.73
OI000567,O000208,P0053,1,89.14,89.14
OI000568,O000643,P0149,2,60.85,121.7
OI000569,O000581,P0127,4,56.63,226.52
OI000570,O000949,P0046,2,93.66,187.32
OI000571,O000913,P0007,1,360.51,360.51
OI000572,O000017,P0092,5,251.54,1257.7
OI000573,O000406,P0149,2,60.85,121.7
OI000574,O000913,P0019,3,67.31,201.93
OI000575,O000229,P0120,5,55.36,276.8
OI000576,O000442,P0171,2,98.58,197.16
OI000577,O000236,P0062,2,71.74,143.48
OI000578,O000330,P0059,3,193.41,580.23
OI000579,O000373,P0065,3,107.74,323.22
OI000580,O000424,P0146,2,62.75,125.5
OI000581,O000996,P0162,2,274.18,548.36
OI000582,O000573,P0115,5,47.59,237.95
OI000583,O000917,P0049,1,210.17,210.17
OI000584,O000871,P0167,3,107.33,321.99
OI000585,O000920,P0054,1,31.28,31.28
OI000586,O000103,P0022,2,111.65,223.3
OI000587,O000770,P0190,3,109.52,328.56
OI000588,O000654,P0161,1,98.07,98.07
OI000589,O000663,P0119,5,37.99,189.95
OI000590,O000693,P0073,3,112.77,338.31
OI000591,O000270,P0150,1,172.48,172.48
OI000592,O000331,P0183,4,79.24,316.96
OI000593,O000088,P0161,1,98.07,98.07
OI000594,O000718,P0137,4,98.66,394.64
OI000595,O000092,P0066,2,55.48,110.96
OI000596,O000647,P0041,1,329.52,329.52
OI000597,O000228,P0049,4,210.17,840.68
OI000598,O000779,P0079,5,116.9,584.5
OI000599,O000576,P0127,5,56.63,283.15
OI000600,O000383,P0058,5,390.27,1951.35
OI000601,O000209,P0079,4,116.9,467.6
OI000602,O000761,P0177,1,271.9,271.9
OI000603,O000326,P0179,2,423.2,846.4
OI000604,O000055,P0142,4,59.27,237.08
OI000605,O000085,P0063,4,104.03,416.12
OI000606,O000252,P0032,4,98.45,393.8
OI000607,O000883,P0158,1,93.37,93.37
OI000608,O000439,P0092,2,251.54,503.08
OI000609,O000996,P0090,4,105.69,422.76
OI000610,O000683,P0169,4,260.33,1041.32
OI000611,O000615,P0105,5,184.9,924.5
OI000612,O000545,P0172,3,71.84,215.52
OI000613,O000962,P0022,4,111.65,446.6
OI000614,O000568,P0165,3,133.56,400.68
OI000615,O000458,P0147,2,323.57,647.14
OI000616,O000149,P0095,3,300.44,901.32
OI000617,O000796,P0176,3,215.29,645.87
OI000618,O000305,P0067,4,337.1,1348.4
OI000619,O000712,P0187,4,36.09,144.36
OI000620,O000361,P0185,1,333.87,333.87
OI000621,O000134,P0185,3,333.87,1001.61
OI000622,O000022,P0016,2,75.2,150.4
OI000623,O000633,P0149,1,60.85,60.85
OI000624,O000816,P0029,1,137.48,137.48
OI000625,O000469,P0057,1,429.62,429.62
OI000626,O000915,P0112,3,101.84,305.52
OI000627,O000706,P0063,2,104.03,208.06
OI000628,O000880,P0117,1,227.62,227.62
OI000629,O000870,P0123,4,81.92,327.68
OI000630,O000304,P0159,3,86.03,258.09
OI000631,O000812,P0147,3,323.57,970.71
OI000632,O000088,P0122,2,112.3,224.6
OI000633,O000771,P0036,5,117.88,589.4
OI000634,O000416,P0016,4,75.2,300.8
OI000635,O000272,P0120,4,55.36,221.44
OI000636,O000465,P0196,4,97.68,390.72
OI000637,O000396,P0118,5,118.57,592.85
OI000638,O000955,P0133,2,447.5,895.0
OI000639,O000214,P0092,2,251.54,503.08
OI000640,O000609,P0094,2,76.44,152.88
OI000641,O000426,P0071,2,108.8,217.6
OI000642,O000258,P0082,2,108.55,217.1
OI000643,O000225,P0131,4,93.84,375.36
OI000644,O000007,P0066,2,55.48,110.96
OI000645,O000926,P0167,5,107.33,536.65
OI000646,O000098,P0037,4,163.56,654.24
OI000647,O000476,P0067,1,337.1,337.1
OI000648,O000124,P0099,5,136.69,683.45
OI000649,O000605,P0176,4,215.29,861.16
OI000650,O000972,P0134,4,39.68,158.72
OI000651,O000089,P0113,3,20.11,60.33
OI000652,O000163,P0149,2,60.85,121.7
OI000653,O000344,P0194,4,284.46,1137.84
OI000654,O000662,P0105,3,184.9,554.7
OI000655,O000276,P0030,2,45.34,90.68
OI000656,O000131,P0147,5,323.57,1617.85
OI000657,O000371,P0125,3,339.63,1018.89
OI000658,O000804,P0086,2,69.43,138.86
OI000659,O000951,P0165,4,133.56,534.24
OI000660,O000957,P0186,3,59.97,179.91
OI000661,O000992,P0167,3,107.33,321.99
OI000662,O000749,P0090,3,105.69,317.07
OI000663,O000794,P0137,1,98.66,98.66
OI000664,O000962,P0091,4,53.61,214.44
OI000665,O000685,P0039,2,281.89,563.78
OI000666,O000690,P0003,1,251.79,251.79
OI000667,O000900,P0107,2,246.04,492.08
OI000668,O000695,P0176,2,215.29,430.58
OI000669,O000889,P0185,1,333.87,333.87
OI000670,O000081,P0021,1,115.8,115.8
OI000671,O000943,P0160,1,92.71,92.71
OI000672,O000260,P0196,5,97.68,488.4
OI000673,O000395,P0067,2,337.1,674.2
OI000674,O000835,P0043,1,62.64,62.64
OI000675,O000403,P0134,3,39.68,119.04
OI000676,O000854,P0070,4,104.08,416.32
OI000677,O000714,P0043,3,62.64,187.92
OI000678,O000917,P0007,5,360.51,1802.55
OI000679,O000999,P0060,3,71.75,215.25
OI000680,O000271,P0019,2,67.31,134.62
OI000681,O000424,P0030,3,45.34,136.02
OI000682,O000072,P0042,3,84.32,252.96
OI000683,O000116,P0069,4,31.34,125.36
OI000684,O000472,P0103,5,71.16,355.8
OI000685,O000175,P0064,4,105.72,422.88
OI000686,O000898,P0044,4,83.65,334.6
OI000687,O000461,P0145,5,45.17,225.85
OI000688,O000058,P0053,1,89.14,89.14
OI000689,O000400,P0200,3,98.0,294.0
OI000690,O000831,P0164,5,221.03,1105.15
OI000691,O000278,P0097,4,24.44,97.76
OI000692,O000134,P0090,1,105.69,105.69
OI000693,O000444,P0074,2,68.57,137.14
OI000694,O000741,P0129,1,43.04,43.04
OI000695,O000004,P0119,3,37.99,113.97
OI000696,O000710,P0079,2,116.9,233.8
OI000697,O000708,P0031,4,88.15,352.6
OI000698,O000504,P0160,2,92.71,185.42
OI000699,O000196,P0002,1,91.67,91.67
OI000700,O000556,P0104,5,53.78,268.9
OI000701,O000444,P0023,5,260.5,1302.5
OI000702,O000619,P0134,1,39.68,39.68
OI000703,O000404,P0026,5,120.5,602.5
OI000704,O000685,P0072,3,138.56,415.68
OI000705,O000409,P0199,5,341.73,1708.65
OI000706,O000033,P0151,1,373.89,373.89
OI000707,O000838,P0114,4,100.79,403.16
OI000708,O000341,P0147,4,323.57,1294.28
OI000709,O000859,P0139,5,175.56,877.8
OI000710,O000872,P0040,1,73.43,73.43
OI000711,O000217,P0049,5,210.17,1050.85
OI000712,O000426,P0152,3,124.65,373.95
OI000713,O000214,P0105,3,184.9,554.7
OI000714,O000421,P0015,1,75.36,75.36
OI000715,O000340,P0153,4,83.43,333.72
OI000716,O000715,P0011,1,332.11,332.11
OI000717,O000642,P0135,5,118.42,592.1
OI000718,O000671,P0175,2,226.29,452.58
OI000719,O000443,P0014,1,160.43,160.43
OI000720,O000146,P0167,2,107.33,214.66
OI000721,O000079,P0188,5,252.61,1263.05
OI000722,O000619,P0089,3,137.76,413.28
OI000723,O000308,P0107,3,246.04,738.12
OI000724,O000867,P0003,2,251.79,503.58
OI000725,O000236,P0010,4,48.48,193.92
OI000726,O000003,P0080,3,282.38,847.14
OI000727,O000430,P0158,2,93.37,186.74
OI000728,O000346,P0153,4,83.43,333.72
OI000729,O000754,P0014,3,160.43,481.29
OI000730,O000313,P0042,4,84.32,337.28
OI000731,O000123,P0093,4,133.0,532.0
OI000732,O000566,P0130,4,113.44,453.76
OI000733,O000772,P0103,1,71.16,71.16
OI000734,O000625,P0013,3,204.47,613.41
OI000735,O000832,P0042,2,84.32,168.64
OI000736,O000153,P0084,1,100.61,100.61
OI000737,O000214,P0022,5,111.65,558.25
OI000738,O000679,P0103,5,71.16,355.8
OI000739,O000796,P0122,3,112.3,336.9
OI000740,O000455,P0086,1,69.43,69.43
OI000741,O000707,P0013,3,204.47,613.41
OI000742,O000359,P0040,3,73.43,220.29
OI000743,O000325,P0032,2,98.45,196.9
OI000744,O000585,P0061,3,68.73,206.19
OI000745,O000730,P0087,5,76.86,384.3
OI000746,O000793,P0076,3,79.1,237.3
OI000747,O000373,P0084,4,100.61,402.44
OI000748,O000226,P0163,5,124.01,620.05
OI000749,O000406,P0112,2,101.84,203.68
OI000750,O000449,P0139,2,175.56,351.12
OI000751,O000608,P0061,3,68.73,206.19
OI000752,O000013,P0051,4,136.99,547.96
OI000753,O000237,P0191,3,267.43,802.29
OI000754,O000873,P0036,5,117.88,589.4
OI000755,O000478,P0167,2,107.33,214.66
OI000756,O000042,P0073,5,112.77,563.85
OI000757,O000312,P0097,4,24.44,97.76
OI000758,O000390,P0080,4,282.38,1129.52
OI000759,O000705,P0193,1,76.48,76.48
OI000760,O000326,P0007,5,360.51,1802.55
OI000761,O000873,P0109,1,269.31,269.31
OI000762,O000848,P0027,2,38.79,77.58
OI000763,O000028,P0010,1,48.48,48.48
OI000764,O000350,P0132,4,67.76,271.04
OI000765,O000907,P0097,3,24.44,73.32
OI000766,O000536,P0137,2,98.66,197.32
OI000767,O000627,P0171,4,98.58,394.32
OI000768,O000640,P0037,2,163.56,327.12
OI000769,O000843,P0064,5,105.72,528.6
OI000770,O000590,P0099,1,136.69,136.69
OI000771,O000445,P0179,4,423.2,1692.8
OI000772,O000081,P0049,4,210.17,840.68
OI000773,O000240,P0077,1,59.39,59.39
OI000774,O000070,P0067,3,337.1,1011.3
OI000775,O000113,P0186,4,59.97,239.88
OI000776,O000964,P0093,3,133.0,399.0
OI000777,O000757,P0138,2,117.83,235.66
OI000778,O000532,P0199,5,341.73,1708.65
OI000779,O000781,P0169,5,260.33,1301.65
OI000780,O000025,P0109,1,269.31,269.31
OI000781,O000140,P0065,4,107.74,430.96
OI000782,O000353,P0119,2,37.99,75.98
OI000783,O000669,P0026,5,120.5,602.5
OI000784,O000949,P0105,4,184.9,739.6
OI000785,O000984,P0175,3,226.29,678.87
OI000786,O000617,P0113,1,20.11,20.11
OI000787,O000545,P0037,3,163.56,490.68
OI000788,O000473,P0119,4,37.99,151.96
OI000789,O000970,P0190,5,109.52,547.6
OI000790,O000910,P0177,3,271.9,815.7
OI000791,O000060,P0155,3,81.82,245.46
OI000792,O000130,P0037,2,163.56,327.12
OI000793,O000045,P0051,3,136.99,410.97
OI000794,O000721,P0150,5,172.48,862.4
OI000795,O000407,P0088,3,107.19,321.57
OI000796,O000388,P0031,3,88.15,264.45
OI000797,O000548,P0157,1,329.97,329.97
OI000798,O000553,P0004,4,289.27,1157.08
OI000799,O000347,P0199,4,341.73,1366.92
OI000800,O000658,P0173,1,93.0,93.0
OI000801,O000680,P0133,2,447.5,895.0
OI000802,O000224,P0101,4,29.46,117.84
OI000803,O000443,P0045,4,55.08,220.32
OI000804,O000836,P0076,5,79.1,395.5
OI000805,O000844,P0055,3,99.52,298.56
OI000806,O000380,P0152,4,124.65,498.6
OI000807,O000451,P0076,1,79.1,79.1
OI000808,O000342,P0022,3,111.65,334.95
OI000809,O000819,P0082,5,108.55,542.75
OI000810,O000982,P0010,3,48.48,145.44
OI000811,O000752,P0182,5,99.66,498.3
OI000812,O000083,P0075,2,101.68,203.36
OI000813,O000048,P0012,3,45.12,135.36
OI000814,O000602,P0068,5,67.6,338.0
OI000815,O001000,P0190,2,109.52,219.04
OI000816,O000176,P0018,2,368.51,737.02
OI000817,O000086,P0032,5,98.45,492.25
OI000818,O000467,P0139,3,175.56,526.68
OI000819,O000920,P0096,5,65.44,327.2
OI000820,O000972,P0046,1,93.66,93.66
OI000821,O000682,P0069,2,31.34,62.68
OI000822,O000715,P0005,5,283.06,1415.3
OI000823,O000673,P0199,2,341.73,683.46
OI000824,O000992,P0156,5,33.32,166.6
OI000825,O000083,P0149,3,60.85,182.55
OI000826,O000211,P0114,2,100.79,201.58
OI000827,O000531,P0077,1,59.39,59.39
OI000828,O000672,P0154,2,418.25,836.5
OI000829,O000064,P0002,3,91.67,275.01
OI000830,O000991,P0147,1,323.57,323.57
OI000831,O000591,P0101,2,29.46,58.92
OI000832,O000165,P0067,3,337.1,1011.3
OI000833,O000070,P0110,2,129.63,259.26
OI000834,O000378,P0032,4,98.45,393.8
OI000835,O000573,P0061,5,68.73,343.65
OI000836,O000952,P0145,2,45.17,90.34
OI000837,O000386,P0065,3,107.74,323.22
OI000838,O000230,P0090,5,105.69,528.45
OI000839,O000234,P0109,5,269.31,1346.55
OI000840,O000234,P0046,2,93.66,187.32
OI000841,O000038,P0138,3,117.83,353.49
OI000842,O000401,P0143,1,31.09,31.09
OI000843,O000354,P0096,1,65.44,65.44
OI000844,O000193,P0063,5,104.03,520.15
OI000845,O000618,P0084,1,100.61,100.61
OI000846,O000977,P0142,3,59.27,177.81
OI000847,O000091,P0058,1,390.27,390.27
OI000848,O000997,P0017,3,48.14,144.42
OI000849,O000479,P0157,5,329.97,1649.85
OI000850,O000477,P0176,2,215.29,430.58
OI000851,O000724,P0136,3,60.43,181.29
OI000852,O000358,P0130,1,113.44,113.44
OI000853,O000183,P0104,5,53.78,268.9
OI000854,O000243,P0099,5,136.69,683.45
OI000855,O000295,P0150,4,172.48,689.92
OI000856,O000831,P0175,4,226.29,905.16
OI000857,O000750,P0179,3,423.2,1269.6
OI000858,O000519,P0029,3,137.48,412.44
OI000859,O000600,P0199,4,341.73,1366.92
OI000860,O000676,P0085,1,82.19,82.19
OI000861,O000865,P0084,4,100.61,402.44
OI000862,O000755,P0044,4,83.65,334.6
OI000863,O000273,P0159,5,86.03,430.15
OI000864,O000498,P0191,1,267.43,267.43
OI000865,O000609,P0011,5,332.11,1660.55
OI000866,O000921,P0124,4,83.79,335.16
OI000867,O000487,P0167,3,107.33,321.99
OI000868,O000674,P0133,3,447.5,1342.5
OI000869,O000046,P0171,4,98.58,394.32
OI000870,O000794,P0064,4,105.72,422.88
OI000871,O000468,P0121,3,79.61,238.83
OI000872,O000822,P0087,2,76.86,153.72
OI000873,O000051,P0013,3,204.47,613.41
OI000874,O000788,P0122,1,112.3,112.3
OI000875,O000581,P0095,2,300.44,600.88
OI000876,O000960,P0162,5,274.18,1370.9
OI000877,O000478,P0036,2,117.88,235.76
OI000878,O000488,P0061,1,68.73,68.73
OI000879,O000796,P0161,4,98.07,392.28
OI000880,O000611,P0178,3,284.43,853.29
OI000881,O000204,P0150,2,172.48,344.96
OI000882,O000755,P0140,1,420.42,420.42
OI000883,O000945,P0146,5,62.75,313.75
OI000884,O000822,P0015,1,75.36,75.36
OI000885,O000556,P0050,4,115.95,463.8
OI000886,O000175,P0167,1,107.33,107.33
OI000887,O000504,P0099,4,136.69,546.76
OI000888,O000712,P0147,4,323.57,1294.28
OI000889,O000159,P0111,1,80.09,80.09
OI000890,O000263,P0051,5,136.99,684.95
OI000891,O000497,P0167,2,107.33,214.66
OI000892,O000988,P0106,4,121.07,484.28
OI000893,O000907,P0137,1,98.66,98.66
OI000894,O000137,P0156,4,33.32,133.28
OI000895,O000330,P0102,5,112.47,562.35
OI000896,O000657,P0028,3,46.28,138.84
OI000897,O000147,P0027,3,38.79,116.37
OI000898,O000248,P0134,2,39.68,79.36
OI000899,O000542,P0078,3,78.12,234.36
OI000900,O000170,P0026,1,120.5,120.5
OI000901,O000916,P0121,3,79.61,238.83
OI000902,O000726,P0182,5,99.66,498.3
OI000903,O000177,P0024,5,81.07,405.35
OI000904,O000380,P0085,1,82.19,82.19
OI000905,O000100,P0094,3,76.44,229.32
OI000906,O000471,P0084,3,100.61,301.83
OI000907,O000533,P0033,1,69.13,69.13
OI000908,O000772,P0144,1,71.73,71.73
OI000909,O000722,P0171,5,98.58,492.9
OI000910,O000985,P0187,4,36.09,144.36
OI000911,O000231,P0005,3,283.06,849.18
OI000912,O000306,P0135,1,118.42,118.42
OI000913,O000815,P0049,4,210.17,840.68
OI000914,O000257,P0040,3,73.43,220.29
OI000915,O000047,P0022,3,111.65,334.95
OI000916,O000531,P0184,4,93.76,375.04
OI000917,O000965,P0111,5,80.09,400.45
OI000918,O000401,P0121,2,79.61,159.22
OI000919,O000153,P0149,4,60.85,243.4
OI000920,O000441,P0142,5,59.27,296.35
OI000921,O000176,P0047,3,308.95,926.85
OI000922,O000085,P0128,5,81.48,407.4
OI000923,O000053,P0004,3,289.27,867.81
OI000924,O000429,P0056,2,175.19,350.38
OI000925,O000662,P0187,1,36.09,36.09
OI000926,O000781,P0078,3,78.12,234.36
OI000927,O000280,P0007,4,360.51,1442.04
OI000928,O000333,P0082,2,108.55,217.1
OI000929,O000932,P0128,4,81.48,325.92
OI000930,O000514,P0137,2,98.66,197.32
OI000931,O000566,P0109,3,269.31,807.93
OI000932,O000859,P0166,5,114.06,570.3
OI000933,O000216,P0191,3,267.43,802.29
OI000934,O000306,P0187,3,36.09,108.27
OI000935,O000301,P0024,2,81.07,162.14
OI000936,O000448,P0053,5,89.14,445.7
OI000937,O000011,P0199,3,341.73,1025.19
OI000938,O000572,P0128,2,81.48,162.96
OI000939,O000250,P0012,5,45.12,225.6
OI000940,O000681,P0181,1,59.13,59.13
OI000941,O000618,P0042,2,84.32,168.64
OI000942,O000734,P0091,5,53.61,268.05
OI000943,O000724,P0162,4,274.18,1096.72
OI000944,O000703,P0001,3,205.63,616.89
OI000945,O000865,P0122,4,112.3,449.2
OI000946,O000575,P0146,2,62.75,125.5
OI000947,O000632,P0120,1,55.36,55.36
OI000948,O000243,P0125,5,339.63,1698.15
OI000949,O000303,P0120,2,55.36,110.72
OI000950,O000405,P0184,1,93.76,93.76
OI000951,O000563,P0055,1,99.52,99.52
OI000952,O000741,P0174,2,347.83,695.66
OI000953,O000898,P0192,1,233.79,233.79
OI000954,O000422,P0153,4,83.43,333.72
OI000955,O000769,P0140,3,420.42,1261.26
OI000956,O000079,P0105,5,184.9,924.5
OI000957,O000287,P0155,2,81.82,163.64
OI000958,O000925,P0194,1,284.46,284.46
OI000959,O000437,P0112,5,101.84,509.2
OI000960,O000030,P0157,1,329.97,329.97
OI000961,O000929,P0131,4,93.84,375.36
OI000962,O000845,P0003,2,251.79,503.58
OI000963,O000428,P0022,5,111.65,558.25
OI000964,O000286,P0141,5,247.81,1239.05
OI000965,O000724,P0023,2,260.5,521.0
OI000966,O000614,P0065,5,107.74,538.7
OI000967,O000540,P0130,5,113.44,567.2
OI000968,O000803,P0091,3,53.61,160.83
OI000969,O000166,P0088,4,107.19,428.76
OI000970,O000116,P0113,4,20.11,80.44
OI000971,O000565,P0173,3,93.0,279.0
OI000972,O000920,P0135,5,118.42,592.1
OI000973,O000554,P0182,4,99.66,398.64
OI000974,O000312,P0085,4,82.19,328.76
OI000975,O000217,P0058,4,390.27,1561.08
OI000976,O000553,P0094,1,76.44,76.44
OI000977,O000434,P0078,1,78.12,78.12
OI000978,O000970,P0044,5,83.65,418.25
OI000979,O000588,P0055,3,99.52,298.56
OI000980,O000981,P0200,3,98.0,294.0
OI000981,O000307,P0116,1,345.28,345.28
OI000982,O000991,P0137,5,98.66,493.3
OI000983,O000377,P0049,2,210.17,420.34
OI000984,O000416,P0043,4,62.64,250.56
OI000985,O000543,P0055,5,99.52,497.6
OI000986,O000756,P0167,5,107.33,536.65
OI000987,O000161,P0175,1,226.29,226.29
OI000988,O000483,P0128,2,81.48,162.96
OI000989,O000299,P0194,4,284.46,1137.84
OI000990,O000962,P0076,5,79.1,395.5
OI000991,O000503,P0042,3,84.32,252.96
OI000992,O000881,P0194,5,284.46,1422.3
OI000993,O000151,P0197,4,188.73,754.92
OI000994,O000924,P0081,3,78.99,236.97
OI000995,O000278,P0193,1,76.48,76.48
OI000996,O000875,P0057,1,429.62,429.62
OI000997,O000942,P0113,4,20.11,80.44
OI000998,O000770,P0021,3,115.8,347.4
OI000999,O000914,P0013,3,204.47,613.41
OI001000,O000527,P0096,5,65.44,327.2
OI001001,O000194,P0076,4,79.1,316.4
OI001002,O000926,P0060,1,71.75,71.75
OI001003,O000060,P0011,5,332.11,1660.55
OI001004,O000003,P0187,2,36.09,72.18
OI001005,O000112,P0031,4,88.15,352.6
OI001006,O000724,P0195,1,68.25,68.25
OI001007,O000315,P0158,1,93.37,93.37
OI001008,O000600,P0154,4,418.25,1673.0
OI001009,O000169,P0050,5,115.95,579.75
OI001010,O000636,P0011,4,332.11,1328.44
OI001011,O000011,P0195,5,68.25,341.25
OI001012,O000353,P0141,4,247.81,991.24
OI001013,O000380,P0164,5,221.03,1105.15
OI001014,O000466,P0049,3,210.17,630.51
OI001015,O000667,P0110,2,129.63,259.26
OI001016,O000903,P0141,2,247.81,495.62
OI001017,O000622,P0046,3,93.66,280.98
OI001018,O000797,P0071,2,108.8,217.6
OI001019,O000533,P0125,5,339.63,1698.15
OI001020,O000239,P0043,2,62.64,125.28
OI001021,O000304,P0130,3,113.44,340.32
OI001022,O000869,P0078,4,78.12,312.48
OI001023,O000407,P0137,5,98.66,493.3
OI001024,O000211,P0072,3,138.56,415.68
OI001025,O000817,P0134,2,39.68,79.36
OI001026,O000439,P0041,3,329.52,988.56
OI001027,O000546,P0151,3,373.89,1121.67
OI001028,O000248,P0108,5,73.46,367.3
OI001029,O000429,P0184,4,93.76,375.04
OI001030,O000809,P0174,4,347.83,1391.32
OI001031,O000019,P0075,3,101.68,305.04
OI001032,O000020,P0077,3,59.39,178.17
OI001033,O000586,P0188,3,252.61,757.83
OI001034,O000502,P0180,2,43.78,87.56
OI001035,O000733,P0180,3,43.78,131.34
OI001036,O000479,P0051,2,136.99,273.98
OI001037,O000748,P0102,4,112.47,449.88
OI001038,O000699,P0089,5,137.76,688.8
OI001039,O000908,P0072,2,138.56,277.12
OI001040,O000130,P0100,1,83.19,83.19
OI001041,O000774,P0115,5,47.59,237.95
OI001042,O000645,P0050,3,115.95,347.85
OI001043,O000838,P0166,4,114.06,456.24
OI001044,O000226,P0052,4,81.47,325.88
OI001045,O000362,P0156,5,33.32,166.6
OI001046,O000520,P0135,5,118.42,592.1
OI001047,O000819,P0129,2,43.04,86.08
OI001048,O000476,P0076,2,79.1,158.2
OI001049,O000971,P0125,2,339.63,679.26
OI001050,O000950,P0036,5,117.88,589.4
OI001051,O000349,P0065,3,107.74,323.22
OI001052,O000922,P0087,1,76.86,76.86
OI001053,O000821,P0101,2,29.46,58.92
OI001054,O000209,P0198,1,267.05,267.05
OI001055,O000324,P0084,3,100.61,301.83
OI001056,O000267,P0125,4,339.63,1358.52
OI001057,O000489,P0077,1,59.39,59.39
OI001058,O000535,P0054,5,31.28,156.4
OI001059,O000883,P0118,5,118.57,592.85
OI001060,O000499,P0042,4,84.32,337.28
OI001061,O000922,P0051,2,136.99,273.98
OI001062,O000116,P0014,4,160.43,641.72
OI001063,O000066,P0122,5,112.3,561.5
OI001064,O000048,P0031,2,88.15,176.3
OI001065,O000422,P0096,2,65.44,130.88
OI001066,O000091,P0098,3,87.52,262.56
OI001067,O000971,P0200,1,98.0,98.0
OI001068,O000053,P0054,5,31.28,156.4
OI001069,O000959,P0039,3,281.89,845.67
OI001070,O000088,P0069,4,31.34,125.36
OI001071,O000835,P0029,4,137.48,549.92
OI001072,O000627,P0101,3,29.46,88.38
OI001073,O000135,P0008,1,76.87,76.87
OI001074,O000781,P0193,1,76.48,76.48
OI001075,O000287,P0131,4,93.84,375.36
OI001076,O000182,P0083,4,97.42,389.68
OI001077,O000737,P0080,1,282.38,282.38
OI001078,O000846,P0179,4,423.2,1692.8
OI001079,O000371,P0182,4,99.66,398.64
OI001080,O000261,P0186,2,59.97,119.94
OI001081,O000074,P0025,5,83.25,416.25
OI001082,O000071,P0075,1,101.68,101.68
OI001083,O000985,P0134,3,39.68,119.04
OI001084,O000279,P0197,5,188.73,943.65
OI001085,O000994,P0048,4,22.94,91.76
OI001086,O000939,P0137,2,98.66,197.32
OI001087,O000788,P0184,1,93.76,93.76
OI001088,O000839,P0018,2,368.51,737.02
OI001089,O000108,P0150,4,172.48,689.92
OI001090,O000055,P0004,3,289.27,867.81
OI001091,O000183,P0069,4,31.34,125.36
OI001092,O000616,P0115,4,47.59,190.36
OI001093,O000261,P0094,5,76.44,382.2
OI001094,O000463,P0159,1,86.03,86.03
OI001095,O000212,P0058,3,390.27,1170.81
OI001096,O000020,P0151,1,373.89,373.89
OI001097,O000437,P0193,1,76.48,76.48
OI001098,O000683,P0024,5,81.07,405.35
OI001099,O000483,P0143,5,31.09,155.45
OI001100,O000410,P0119,5,37.99,189.95
OI001101,O000794,P0170,2,97.07,194.14
OI001102,O000403,P0144,3,71.73,215.19
OI001103,O000296,P0020,3,244.35,733.05
OI001104,O000744,P0119,3,37.99,113.97
OI001105,O000612,P0156,5,33.32,166.6
OI001106,O000244,P0122,5,112.3,561.5
OI001107,O000942,P0068,1,67.6,67.6
OI001108,O000198,P0082,3,108.55,325.65
OI001109,O000856,P0183,2,79.24,158.48
OI001110,O000410,P0191,5,267.43,1337.15
OI001111,O000655,P0002,1,91.67,91.67
OI001112,O000057,P0120,2,55.36,110.72
OI001113,O000386,P0020,2,244.35,488.7
OI001114,O000600,P0006,1,64.76,64.76
OI001115,O000846,P0133,2,447.5,895.0
OI001116,O000331,P0075,2,101.68,203.36
OI001117,O000994,P0037,2,163.56,327.12
OI001118,O000887,P0093,2,133.0,266.0
OI001119,O000621,P0192,5,233.79,1168.95
OI001120,O000504,P0173,5,93.0,465.0
OI001121,O000698,P0033,3,69.13,207.39
OI001122,O000153,P0169,4,260.33,1041.32
OI001123,O000007,P0003,3,251.79,755.37
OI001124,O000160,P0092,5,251.54,1257.7
OI001125,O000674,P0127,2,56.63,113.26
OI001126,O000575,P0085,4,82.19,328.76
OI001127,O000212,P0067,4,337.1,1348.4
OI001128,O000852,P0093,2,133.0,266.0
OI001129,O000561,P0164,1,221.03,221.03
OI001130,O000192,P0137,1,98.66,98.66
OI001131,O000730,P0040,4,73.43,293.72
OI001132,O000377,P0122,5,112.3,561.5
OI001133,O000264,P0150,2,172.48,344.96
OI001134,O000434,P0058,2,390.27,780.54
OI001135,O000096,P0154,4,418.25,1673.0
OI001136,O000831,P0176,4,215.29,861.16
OI001137,O000994,P0089,1,137.76,137.76
OI001138,O000153,P0188,1,252.61,252.61
OI001139,O000397,P0127,3,56.63,169.89
OI001140,O000869,P0165,4,133.56,534.24
OI001141,O000741,P0088,5,107.19,535.95
OI001142,O000455,P0130,1,113.44,113.44
OI001143,O000814,P0110,3,129.63,388.89
OI001144,O000428,P0182,2,99.66,199.32
OI001145,O000794,P0006,4,64.76,259.04
OI001146,O000384,P0133,3,447.5,1342.5
OI001147,O000132,P0005,2,283.06,566.12
OI001148,O000417,P0034,5,118.3,591.5
OI001149,O000492,P0172,2,71.84,143.68
OI001150,O000227,P0191,3,267.43,802.29
OI001151,O000759,P0058,3,390.27,1170.81
OI001152,O000928,P0162,3,274.18,822.54
OI001153,O000371,P0128,5,81.48,407.4
OI001154,O000518,P0012,4,45.12,180.48
OI001155,O000777,P0110,1,129.63,129.63
OI001156,O000107,P0035,4,46.2,184.8
OI001157,O000636,P0117,2,227.62,455.24
OI001158,O000949,P0010,4,48.48,193.92
OI001159,O000561,P0123,5,81.92,409.6
OI001160,O000344,P0002,1,91.67,91.67
OI001161,O000446,P0124,2,83.79,167.58
OI001162,O000939,P0194,4,284.46,1137.84
OI001163,O000668,P0150,3,172.48,517.44
OI001164,O000037,P0177,1,271.9,271.9
OI001165,O000377,P0183,3,79.24,237.72
OI001166,O000346,P0159,3,86.03,258.09
OI001167,O000850,P0065,4,107.74,430.96
OI001168,O000141,P0125,1,339.63,339.63
OI001169,O000962,P0039,5,281.89,1409.45
OI001170,O000080,P0053,3,89.14,267.42
OI001171,O000131,P0072,5,138.56,692.8
OI001172,O000726,P0108,4,73.46,293.84
OI001173,O000602,P0094,1,76.44,76.44
OI001174,O000827,P0149,3,60.85,182.55
OI001175,O000524,P0016,4,75.2,300.8
OI001176,O000993,P0045,4,55.08,220.32
OI001177,O000485,P0020,2,244.35,488.7
OI001178,O000320,P0054,4,31.28,125.12
OI001179,O000859,P0161,1,98.07,98.07
OI001180,O000410,P0145,1,45.17,45.17
OI001181,O000813,P0096,4,65.44,261.76
OI001182,O000412,P0023,3,260.5,781.5
OI001183,O000540,P0138,1,117.83,117.83
OI001184,O000011,P0042,3,84.32,252.96
OI001185,O000473,P0078,2,78.12,156.24
OI001186,O000332,P0097,5,24.44,122.2
OI001187,O000837,P0187,3,36.09,108.27
OI001188,O000076,P0171,4,98.58,394.32
OI001189,O000373,P0043,2,62.64,125.28
OI001190,O000753,P0113,4,20.11,80.44
OI001191,O000108,P0049,2,210.17,420.34
OI001192,O000428,P0177,4,271.9,1087.6
OI001193,O000385,P0112,1,101.84,101.84
OI001194,O000236,P0128,3,81.48,244.44
OI001195,O000776,P0064,3,105.72,317.16
OI001196,O000207,P0075,4,101.68,406.72
OI001197,O000013,P0104,2,53.78,107.56
OI001198,O000522,P0055,1,99.52,99.52
OI001199,O000813,P0039,2,281.89,563.78
OI001200,O000113,P0072,2,138.56,277.12
OI001201,O000464,P0016,2,75.2,150.4
OI001202,O000657,P0101,5,29.46,147.3
OI001203,O000352,P0150,5,172.48,862.4
OI001204,O000018,P0118,5,118.57,592.85
OI001205,O000011,P0146,3,62.75,188.25
OI001206,O000396,P0114,2,100.79,201.58
OI001207,O000810,P0164,2,221.03,442.06
OI001208,O000169,P0188,1,252.61,252.61
OI001209,O000274,P0038,4,68.52,274.08
OI001210,O000087,P0150,5,172.48,862.4
OI001211,O000377,P0066,5,55.48,277.4
OI001212,O000182,P0049,5,210.17,1050.85
OI001213,O000261,P0028,4,46.28,185.12
OI001214,O000048,P0149,3,60.85,182.55
OI001215,O000666,P0026,2,120.5,241.0
OI001216,O000872,P0134,5,39.68,198.4
OI001217,O000911,P0059,3,193.41,580.23
OI001218,O000068,P0041,2,329.52,659.04
OI001219,O000803,P0020,5,244.35,1221.75
OI001220,O000196,P0173,3,93.0,279.0
OI001221,O000507,P0147,3,323.57,970.71
OI001222,O000954,P0112,3,101.84,305.52
OI001223,O000880,P0194,5,284.46,1422.3
OI001224,O000687,P0118,5,118.57,592.85
OI001225,O000677,P0139,3,175.56,526.68
OI001226,O000549,P0130,4,113.44,453.76
OI001227,O000205,P0037,4,163.56,654.24
OI001228,O000973,P0161,5,98.07,490.35
OI001229,O000562,P0183,5,79.24,396.2
OI001230,O000593,P0088,3,107.19,321.57
OI001231,O000212,P0168,3,72.78,218.34
OI001232,O000971,P0039,4,281.89,1127.56
OI001233,O000198,P0052,5,81.47,407.35
OI001234,O000012,P0161,3,98.07,294.21
OI001235,O000046,P0051,3,136.99,410.97
OI001236,O000538,P0021,5,115.8,579.0
OI001237,O000814,P0050,4,115.95,463.8
OI001238,O000836,P0098,1,87.52,87.52
OI001239,O000889,P0018,4,368.51,1474.04
OI001240,O000756,P0003,3,251.79,755.37
OI001241,O000904,P0128,3,81.48,244.44
OI001242,O000528,P0165,4,133.56,534.24
OI001243,O000175,P0188,5,252.61,1263.05
OI001244,O000852,P0105,2,184.9,369.8
OI001245,O000498,P0125,3,339.63,1018.89
OI001246,O000468,P0075,2,101.68,203.36
OI001247,O000755,P0064,2,105.72,211.44
OI001248,O000869,P0049,1,210.17,210.17
OI001249,O000318,P0060,1,71.75,71.75
OI001250,O000506,P0170,5,97.07,485.35
OI001251,O000441,P0034,2,118.3,236.6
OI001252,O000527,P0140,4,420.42,1681.68
OI001253,O000146,P0133,2,447.5,895.0
OI001254,O000351,P0107,1,246.04,246.04
OI001255,O000149,P0014,1,160.43,160.43
OI001256,O000921,P0193,3,76.48,229.44
OI001257,O000146,P0041,2,329.52,659.04
OI001258,O000776,P0056,4,175.19,700.76
OI001259,O000240,P0040,1,73.43,73.43
OI001260,O000219,P0108,2,73.46,146.92
OI001261,O000103,P0051,2,136.99,273.98
OI001262,O000148,P0084,1,100.61,100.61
OI001263,O000552,P0143,4,31.09,124.36
OI001264,O000926,P0037,3,163.56,490.68
OI001265,O000061,P0079,1,116.9,116.9
OI001266,O000265,P0061,1,68.73,68.73
OI001267,O000722,P0080,1,282.38,282.38
OI001268,O000745,P0085,4,82.19,328.76
OI001269,O000966,P0187,4,36.09,144.36
OI001270,O000330,P0100,1,83.19,83.19
OI001271,O000233,P0199,4,341.73,1366.92
OI001272,O000459,P0170,2,97.07,194.14
OI001273,O000836,P0075,4,101.68,406.72
OI001274,O000850,P0108,2,73.46,146.92
OI001275,O000208,P0111,3,80.09,240.27
OI001276,O000105,P0056,4,175.19,700.76
OI001277,O000823,P0160,2,92.71,185.42
OI001278,O000472,P0158,3,93.37,280.11
OI001279,O000713,P0057,1,429.62,429.62
OI001280,O000929,P0044,4,83.65,334.6
OI001281,O000732,P0081,1,78.99,78.99
OI001282,O000946,P0085,3,82.19,246.57
OI001283,O000037,P0153,4,83.43,333.72
OI001284,O000183,P0108,1,73.46,73.46
OI001285,O000251,P0022,2,111.65,223.3
OI001286,O000018,P0038,5,68.52,342.6
OI001287,O000614,P0126,1,57.21,57.21
OI001288,O000966,P0052,3,81.47,244.41
OI001289,O000062,P0099,4,136.69,546.76
OI001290,O000444,P0004,3,289.27,867.81
OI001291,O000052,P0008,3,76.87,230.61
OI001292,O000116,P0060,2,71.75,143.5
OI001293,O000313,P0087,2,76.86,153.72
OI001294,O000183,P0058,5,390.27,1951.35
OI001295,O000967,P0179,1,423.2,423.2
OI001296,O000390,P0039,4,281.89,1127.56
OI001297,O000391,P0014,5,160.43,802.15
OI001298,O000404,P0182,3,99.66,298.98
OI001299,O000535,P0125,5,339.63,1698.15
OI001300,O000434,P0199,4,341.73,1366.92
OI001301,O000542,P0150,5,172.48,862.4
OI001302,O000466,P0053,3,89.14,267.42
OI001303,O000792,P0154,3,418.25,1254.75
OI001304,O000872,P0126,3,57.21,171.63
OI001305,O000943,P0104,3,53.78,161.34
OI001306,O000527,P0132,3,67.76,203.28
OI001307,O000810,P0115,2,47.59,95.18
OI001308,O000262,P0147,3,323.57,970.71
OI001309,O000261,P0121,1,79.61,79.61
OI001310,O000429,P0014,5,160.43,802.15
OI001311,O000472,P0172,3,71.84,215.52
OI001312,O000138,P0197,4,188.73,754.92
OI001313,O000310,P0059,2,193.41,386.82
OI001314,O000118,P0134,1,39.68,39.68
OI001315,O000990,P0187,1,36.09,36.09
OI001316,O000417,P0035,5,46.2,231.0
OI001317,O000525,P0162,1,274.18,274.18
OI001318,O000270,P0061,5,68.73,343.65
OI001319,O000155,P0194,5,284.46,1422.3
OI001320,O000968,P0175,5,226.29,1131.45
OI001321,O000728,P0126,3,57.21,171.63
OI001322,O000562,P0033,5,69.13,345.65
OI001323,O000662,P0114,3,100.79,302.37
OI001324,O000344,P0165,5,133.56,667.8
OI001325,O000031,P0092,3,251.54,754.62
OI001326,O000700,P0160,1,92.71,92.71
OI001327,O000319,P0079,5,116.9,584.5
OI001328,O000054,P0148,2,300.56,601.12
OI001329,O000623,P0190,1,109.52,109.52
OI001330,O000499,P0152,1,124.65,124.65
OI001331,O000621,P0088,2,107.19,214.38
OI001332,O000162,P0015,4,75.36,301.44
OI001333,O000509,P0109,4,269.31,1077.24
OI001334,O000107,P0020,3,244.35,733.05
OI001335,O000219,P0113,3,20.11,60.33
OI001336,O000893,P0169,2,260.33,520.66
OI001337,O000799,P0015,1,75.36,75.36
OI001338,O000809,P0021,4,115.8,463.2
OI001339,O000986,P0152,2,124.65,249.3
OI001340,O000880,P0188,1,252.61,252.61
OI001341,O000656,P0117,5,227.62,1138.1
OI001342,O000436,P0029,5,137.48,687.4
OI001343,O000646,P0069,5,31.34,156.7
OI001344,O000799,P0070,2,104.08,208.16
OI001345,O000574,P0081,2,78.99,157.98
OI001346,O000890,P0077,3,59.39,178.17
OI001347,O000614,P0094,5,76.44,382.2
OI001348,O000026,P0089,2,137.76,275.52
OI001349,O000094,P0073,4,112.77,451.08
OI001350,O000309,P0199,2,341.73,683.46
OI001351,O000526,P0020,2,244.35,488.7
OI001352,O000642,P0133,1,447.5,447.5
OI001353,O000079,P0158,5,93.37,466.85
OI001354,O000867,P0135,2,118.42,236.84
OI001355,O000912,P0020,5,244.35,1221.75
OI001356,O000564,P0200,3,98.0,294.0
OI001357,O000525,P0162,4,274.18,1096.72
OI001358,O000557,P0047,1,308.95,308.95
OI001359,O000050,P0095,1,300.44,300.44
OI001360,O000614,P0146,4,62.75,251.0
OI001361,O000239,P0024,1,81.07,81.07
OI001362,O000090,P0033,2,69.13,138.26
OI001363,O000988,P0151,5,373.89,1869.45
OI001364,O000059,P0104,2,53.78,107.56
OI001365,O000397,P0054,3,31.28,93.84
OI001366,O000750,P0080,1,282.38,282.38
OI001367,O000322,P0196,4,97.68,390.72
OI001368,O000881,P0050,1,115.95,115.95
OI001369,O000656,P0144,4,71.73,286.92
OI001370,O000815,P0066,3,55.48,166.44
OI001371,O000924,P0154,3,418.25,1254.75
OI001372,O000267,P0073,4,112.77,451.08
OI001373,O000443,P0062,4,71.74,286.96
OI001374,O000439,P0100,1,83.19,83.19
OI001375,O000684,P0120,5,55.36,276.8
OI001376,O000668,P0052,1,81.47,81.47
OI001377,O000320,P0027,2,38.79,77.58
OI001378,O000114,P0160,2,92.71,185.42
OI001379,O000917,P0106,2,121.07,242.14
OI001380,O000119,P0117,4,227.62,910.48
OI001381,O000334,P0086,3,69.43,208.29
OI001382,O000590,P0200,5,98.0,490.0
OI001383,O000991,P0026,5,120.5,602.5
OI001384,O000404,P0010,1,48.48,48.48
OI001385,O000794,P0145,5,45.17,225.85
OI001386,O000944,P0157,3,329.97,989.91
OI001387,O000394,P0085,2,82.19,164.38
OI001388,O000705,P0129,4,43.04,172.16
OI001389,O000151,P0191,2,267.43,534.86
OI001390,O000540,P0052,5,81.47,407.35
OI001391,O000067,P0159,3,86.03,258.09
OI001392,O000712,P0056,5,175.19,875.95
OI001393,O000674,P0003,5,251.79,1258.95
OI001394,O000195,P0057,5,429.62,2148.1
OI001395,O000157,P0168,3,72.78,218.34
OI001396,O000512,P0034,5,118.3,591.5
OI001397,O000243,P0076,1,79.1,79.1
OI001398,O000171,P0030,3,45.34,136.02
OI001399,O000341,P0109,2,269.31,538.62
OI001400,O000452,P0175,5,226.29,1131.45
OI001401,O000865,P0128,5,81.48,407.4
OI001402,O000662,P0181,4,59.13,236.52
OI001403,O000657,P0163,2,124.01,248.02
OI001404,O000153,P0173,1,93.0,93.0
OI001405,O000917,P0092,2,251.54,503.08
OI001406,O000506,P0108,5,73.46,367.3
OI001407,O000897,P0191,4,267.43,1069.72
OI001408,O000137,P0127,3,56.63,169.89
OI001409,O000353,P0050,4,115.95,463.8
OI001410,O000934,P0144,2,71.73,143.46
OI001411,O000589,P0082,1,108.55,108.55
OI001412,O000571,P0050,5,115.95,579.75
OI001413,O000973,P0098,2,87.52,175.04
OI001414,O000001,P0159,1,86.03,86.03
OI001415,O000983,P0027,5,38.79,193.95
OI001416,O000662,P0199,2,341.73,683.46
OI001417,O000833,P0149,1,60.85,60.85
OI001418,O000248,P0056,5,175.19,875.95
OI001419,O000218,P0004,2,289.27,578.54
OI001420,O000052,P0047,5,308.95,1544.75
OI001421,O000102,P0074,4,68.57,274.28
OI001422,O000394,P0001,4,205.63,822.52
OI001423,O000925,P0072,2,138.56,277.12
OI001424,O000012,P0182,4,99.66,398.64
OI001425,O000234,P0010,5,48.48,242.4
OI001426,O000633,P0128,3,81.48,244.44
OI001427,O000978,P0094,2,76.44,152.88
OI001428,O000939,P0184,2,93.76,187.52
OI001429,O000352,P0056,1,175.19,175.19
OI001430,O000622,P0097,1,24.44,24.44
OI001431,O000367,P0130,3,113.44,340.32
OI001432,O000220,P0015,1,75.36,75.36
OI001433,O000318,P0095,1,300.44,300.44
OI001434,O000729,P0111,1,80.09,80.09
OI001435,O000970,P0020,4,244.35,977.4
OI001436,O000161,P0065,3,107.74,323.22
OI001437,O000333,P0087,4,76.86,307.44
OI001438,O000903,P0156,2,33.32,66.64
OI001439,O000040,P0187,5,36.09,180.45
OI001440,O000328,P0194,1,284.46,284.46
OI001441,O000083,P0167,4,107.33,429.32
OI001442,O000829,P0096,2,65.44,130.88
OI001443,O000550,P0147,3,323.57,970.71
OI001444,O000214,P0145,4,45.17,180.68
OI001445,O000660,P0155,1,81.82,81.82
OI001446,O000390,P0084,1,100.61,100.61
OI001447,O000675,P0184,2,93.76,187.52
OI001448,O000430,P0116,4,345.28,1381.12
OI001449,O000181,P0118,3,118.57,355.71
OI001450,O000826,P0037,3,163.56,490.68
OI001451,O000409,P0163,1,124.01,124.01
OI001452,O000144,P0051,2,136.99,273.98
OI001453,O000547,P0053,3,89.14,267.42
OI001454,O000938,P0088,4,107.19,428.76
OI001455,O000451,P0122,2,112.3,224.6
OI001456,O000850,P0096,5,65.44,327.2
OI001457,O000333,P0034,1,118.3,118.3
OI001458,O000956,P0149,5,60.85,304.25
OI001459,O000645,P0113,4,20.11,80.44
OI001460,O000268,P0052,1,81.47,81.47
OI001461,O000300,P0107,5,246.04,1230.2
OI001462,O000259,P0152,3,124.65,373.95
OI001463,O000276,P0176,3,215.29,645.87
OI001464,O000780,P0062,4,71.74,286.96
OI001465,O000225,P0088,5,107.19,535.95
OI001466,O000539,P0178,2,284.43,568.86
OI001467,O000469,P0112,1,101.84,101.84
OI001468,O000685,P0009,4,220.03,880.12
OI001469,O000526,P0037,2,163.56,327.12
OI001470,O000729,P0007,3,360.51,1081.53
OI001471,O000679,P0132,4,67.76,271.04
OI001472,O000761,P0012,2,45.12,90.24
OI001473,O000112,P0020,4,244.35,977.4
OI001474,O000851,P0001,1,205.63,205.63
OI001475,O000910,P0046,2,93.66,187.32
OI001476,O000055,P0012,3,45.12,135.36
OI001477,O000623,P0048,5,22.94,114.7
OI001478,O000590,P0029,3,137.48,412.44
OI001479,O000709,P0171,5,98.58,492.9
OI001480,O000342,P0101,1,29.46,29.46
OI001481,O000640,P0130,3,113.44,340.32
OI001482,O000017,P0141,2,247.81,495.62
OI001483,O000800,P0065,5,107.74,538.7
OI001484,O000452,P0145,3,45.17,135.51
OI001485,O000208,P0001,1,205.63,205.63
OI001486,O000158,P0044,4,83.65,334.6
OI001487,O000144,P0020,3,244.35,733.05
OI001488,O000601,P0139,1,175.56,175.56
OI001489,O000383,P0157,1,329.97,329.97
OI001490,O000885,P0039,2,281.89,563.78
OI001491,O000020,P0150,1,172.48,172.48
OI001492,O000728,P0104,5,53.78,268.9
OI001493,O000735,P0178,4,284.43,1137.72
OI001494,O000077,P0147,2,323.57,647.14
OI001495,O000956,P0094,3,76.44,229.32
OI001496,O000609,P0117,3,227.62,682.86
OI001497,O000762,P0120,3,55.36,166.08
OI001498,O000353,P0112,3,101.84,305.52
OI001499,O000004,P0192,5,233.79,1168.95
OI001500,O000061,P0020,4,244.35,977.4
OI001501,O000357,P0191,1,267.43,267.43
OI001502,O000134,P0011,5,332.11,1660.55
OI001503,O000869,P0045,5,55.08,275.4
OI001504,O000047,P0084,4,100.61,402.44
OI001505,O000970,P0045,3,55.08,165.24
OI001506,O000970,P0119,4,37.99,151.96
OI001507,O000064,P0043,5,62.64,313.2
OI001508,O000645,P0055,5,99.52,497.6
OI001509,O000147,P0174,2,347.83,695.66
OI001510,O000556,P0173,2,93.0,186.0
OI001511,O000102,P0066,3,55.48,166.44
OI001512,O000791,P0174,1,347.83,347.83
OI001513,O000312,P0075,4,101.68,406.72
OI001514,O000267,P0086,3,69.43,208.29
OI001515,O000503,P0082,1,108.55,108.55
OI001516,O000961,P0050,1,115.95,115.95
OI001517,O000935,P0003,4,251.79,1007.16
OI001518,O000770,P0192,5,233.79,1168.95
OI001519,O000376,P0149,4,60.85,243.4
OI001520,O000324,P0188,3,252.61,757.83
OI001521,O000925,P0018,4,368.51,1474.04
OI001522,O000053,P0039,1,281.89,281.89
OI001523,O000837,P0001,3,205.63,616.89
OI001524,O000732,P0054,1,31.28,31.28
OI001525,O000859,P0173,1,93.0,93.0
OI001526,O000005,P0041,4,329.52,1318.08
OI001527,O000359,P0006,3,64.76,194.28
OI001528,O000488,P0009,2,220.03,440.06
OI001529,O000688,P0118,3,118.57,355.71
OI001530,O000228,P0195,1,68.25,68.25
OI001531,O000660,P0068,2,67.6,135.2
OI001532,O000052,P0100,2,83.19,166.38
OI001533,O000997,P0077,3,59.39,178.17
OI001534,O000929,P0124,2,83.79,167.58
OI001535,O000978,P0004,2,289.27,578.54
OI001536,O000327,P0046,1,93.66,93.66
OI001537,O000534,P0167,1,107.33,107.33
OI001538,O000543,P0066,5,55.48,277.4
OI001539,O000636,P0156,2,33.32,66.64
OI001540,O000637,P0130,1,113.44,113.44
OI001541,O000465,P0020,2,244.35,488.7
OI001542,O000847,P0148,4,300.56,1202.24
OI001543,O000593,P0100,2,83.19,166.38
OI001544,O000421,P0090,4,105.69,422.76
OI001545,O000875,P0048,2,22.94,45.88
OI001546,O000097,P0067,4,337.1,1348.4
OI001547,O000169,P0100,3,83.19,249.57
OI001548,O000537,P0055,3,99.52,298.56
OI001549,O000216,P0131,1,93.84,93.84
OI001550,O000018,P0051,3,136.99,410.97
OI001551,O000550,P0044,1,83.65,83.65
OI001552,O000713,P0072,2,138.56,277.12
OI001553,O000431,P0038,4,68.52,274.08
OI001554,O000362,P0173,1,93.0,93.0
OI001555,O000818,P0104,3,53.78,161.34
OI001556,O000543,P0105,3,184.9,554.7
OI001557,O000280,P0132,3,67.76,203.28
OI001558,O000532,P0096,1,65.44,65.44
OI001559,O000606,P0055,4,99.52,398.08
OI001560,O000321,P0019,5,67.31,336.55
OI001561,O000196,P0008,1,76.87,76.87
OI001562,O000350,P0095,4,300.44,1201.76
OI001563,O000770,P0173,2,93.0,186.0
OI001564,O000479,P0004,2,289.27,578.54
OI001565,O000539,P0024,4,81.07,324.28
OI001566,O000350,P0146,1,62.75,62.75
OI001567,O000392,P0005,3,283.06,849.18
OI001568,O000558,P0154,1,418.25,418.25
OI001569,O000375,P0064,5,105.72,528.6
OI001570,O000691,P0093,2,133.0,266.0
OI001571,O000463,P0184,3,93.76,281.28
OI001572,O000436,P0130,2,113.44,226.88
OI001573,O000741,P0166,1,114.06,114.06
OI001574,O000428,P0072,4,138.56,554.24
OI001575,O000649,P0198,1,267.05,267.05
OI001576,O000391,P0182,1,99.66,99.66
OI001577,O000338,P0117,5,227.62,1138.1
OI001578,O000466,P0093,2,133.0,266.0
OI001579,O000812,P0013,3,204.47,613.41
OI001580,O000869,P0125,1,339.63,339.63
OI001581,O000074,P0149,1,60.85,60.85
OI001582,O000721,P0147,3,323.57,970.71
OI001583,O000826,P0023,5,260.5,1302.5
OI001584,O000889,P0079,1,116.9,116.9
OI001585,O000893,P0091,4,53.61,214.44
OI001586,O000211,P0140,2,420.42,840.84
OI001587,O000311,P0058,1,390.27,390.27
OI001588,O000383,P0066,2,55.48,110.96
OI001589,O000455,P0064,5,105.72,528.6
OI001590,O000440,P0106,2,121.07,242.14
OI001591,O000435,P0026,5,120.5,602.5
OI001592,O000759,P0030,5,45.34,226.7
OI001593,O000143,P0033,2,69.13,138.26
OI001594,O000017,P0133,5,447.5,2237.5
OI001595,O000401,P0028,1,46.28,46.28
OI001596,O000390,P0158,2,93.37,186.74
OI001597,O000604,P0009,4,220.03,880.12
OI001598,O000893,P0032,3,98.45,295.35
OI001599,O000577,P0124,5,83.79,418.95
OI001600,O000184,P0086,2,69.43,138.86
OI001601,O000393,P0010,5,48.48,242.4
OI001602,O000395,P0059,1,193.41,193.41
OI001603,O000397,P0059,4,193.41,773.64
OI001604,O000672,P0031,2,88.15,176.3
OI001605,O000326,P0012,1,45.12,45.12
OI001606,O000282,P0009,3,220.03,660.09
OI001607,O000287,P0065,4,107.74,430.96
OI001608,O000821,P0161,4,98.07,392.28
OI001609,O000157,P0066,5,55.48,277.4
OI001610,O000822,P0010,4,48.48,193.92
OI001611,O000059,P0082,2,108.55,217.1
OI001612,O000903,P0158,2,93.37,186.74
OI001613,O000287,P0035,5,46.2,231.0
OI001614,O000335,P0066,3,55.48,166.44
OI001615,O000897,P0189,5,131.12,655.6
OI001616,O000195,P0185,3,333.87,1001.61
OI001617,O000496,P0197,2,188.73,377.46
OI001618,O000551,P0190,3,109.52,328.56
OI001619,O000683,P0197,5,188.73,943.65
OI001620,O000764,P0019,2,67.31,134.62
OI001621,O000240,P0184,2,93.76,187.52
OI001622,O000789,P0183,2,79.24,158.48
OI001623,O000869,P0133,4,447.5,1790.0
OI001624,O000527,P0124,3,83.79,251.37
OI001625,O000754,P0068,4,67.6,270.4
OI001626,O000934,P0129,2,43.04,86.08
OI001627,O000871,P0192,4,233.79,935.16
OI001628,O000929,P0043,2,62.64,125.28
OI001629,O000016,P0041,1,329.52,329.52
OI001630,O000237,P0167,3,107.33,321.99
OI001631,O000743,P0057,4,429.62,1718.48
OI001632,O000866,P0186,4,59.97,239.88
OI001633,O000735,P0097,5,24.44,122.2
OI001634,O000673,P0096,1,65.44,65.44
OI001635,O000279,P0040,3,73.43,220.29
OI001636,O000351,P0197,4,188.73,754.92
OI001637,O000583,P0014,2,160.43,320.86
OI001638,O000683,P0172,3,71.84,215.52
OI001639,O000561,P0053,2,89.14,178.28
OI001640,O000096,P0155,3,81.82,245.46
OI001641,O000870,P0045,5,55.08,275.4
OI001642,O000653,P0053,3,89.14,267.42
OI001643,O000002,P0188,1,252.61,252.61
OI001644,O000292,P0044,2,83.65,167.3
OI001645,O000186,P0067,2,337.1,674.2
OI001646,O000279,P0191,4,267.43,1069.72
OI001647,O000467,P0171,1,98.58,98.58
OI001648,O000287,P0163,4,124.01,496.04
OI001649,O000922,P0177,4,271.9,1087.6
OI001650,O000036,P0091,4,53.61,214.44
OI001651,O000915,P0114,1,100.79,100.79
OI001652,O000692,P0120,2,55.36,110.72
OI001653,O000489,P0176,1,215.29,215.29
OI001654,O000251,P0162,5,274.18,1370.9
OI001655,O000805,P0126,5,57.21,286.05
OI001656,O000048,P0127,3,56.63,169.89
OI001657,O000407,P0057,3,429.62,1288.86
OI001658,O000141,P0044,5,83.65,418.25
OI001659,O000008,P0169,1,260.33,260.33
OI001660,O000380,P0081,5,78.99,394.95
OI001661,O000623,P0049,1,210.17,210.17
OI001662,O000336,P0067,1,337.1,337.1
OI001663,O000258,P0121,5,79.61,398.05
OI001664,O000247,P0074,1,68.57,68.57
OI001665,O000671,P0174,2,347.83,695.66
OI001666,O000669,P0129,5,43.04,215.2
OI001667,O000223,P0044,5,83.65,418.25
OI001668,O000033,P0169,4,260.33,1041.32
OI001669,O000473,P0183,3,79.24,237.72
OI001670,O000856,P0072,5,138.56,692.8
OI001671,O000571,P0007,5,360.51,1802.55
OI001672,O000940,P0011,1,332.11,332.11
OI001673,O000276,P0139,2,175.56,351.12
OI001674,O000106,P0044,5,83.65,418.25
OI001675,O000177,P0092,4,251.54,1006.16
OI001676,O000379,P0130,4,113.44,453.76
OI001677,O000554,P0183,3,79.24,237.72
OI001678,O000807,P0174,1,347.83,347.83
OI001679,O000077,P0031,1,88.15,88.15
OI001680,O000270,P0131,3,93.84,281.52
OI001681,O000010,P0039,2,281.89,563.78
OI001682,O000543,P0185,1,333.87,333.87
OI001683,O000105,P0062,5,71.74,358.7
OI001684,O000112,P0137,4,98.66,394.64
OI001685,O000528,P0029,2,137.48,274.96
OI001686,O000806,P0038,3,68.52,205.56
OI001687,O000121,P0152,4,124.65,498.6
OI001688,O000034,P0158,2,93.37,186.74
OI001689,O000727,P0148,3,300.56,901.68
OI001690,O000563,P0112,4,101.84,407.36
OI001691,O000594,P0017,2,48.14,96.28
OI001692,O000070,P0039,5,281.89,1409.45
OI001693,O000787,P0179,2,423.2,846.4
OI001694,O000472,P0187,1,36.09,36.09
OI001695,O000822,P0004,2,289.27,578.54
OI001696,O000281,P0154,3,418.25,1254.75
OI001697,O000767,P0129,3,43.04,129.12
OI001698,O000881,P0104,4,53.78,215.12
OI001699,O000654,P0139,4,175.56,702.24
OI001700,O000554,P0052,3,81.47,244.41
OI001701,O000121,P0080,2,282.38,564.76
OI001702,O000848,P0124,4,83.79,335.16
OI001703,O000311,P0043,5,62.64,313.2
OI001704,O000250,P0004,1,289.27,289.27
OI001705,O000252,P0017,1,48.14,48.14
OI001706,O000501,P0108,5,73.46,367.3
OI001707,O000443,P0034,2,118.3,236.6
OI001708,O000755,P0024,5,81.07,405.35
OI001709,O000953,P0146,5,62.75,313.75
OI001710,O000678,P0114,5,100.79,503.95
OI001711,O000512,P0141,4,247.81,991.24
OI001712,O000886,P0090,3,105.69,317.07
OI001713,O000155,P0074,3,68.57,205.71
OI001714,O000161,P0101,2,29.46,58.92
OI001715,O000283,P0125,2,339.63,679.26
OI001716,O000742,P0187,1,36.09,36.09
OI001717,O000401,P0029,2,137.48,274.96
OI001718,O000979,P0176,1,215.29,215.29
OI001719,O000765,P0188,4,252.61,1010.44
OI001720,O000474,P0170,1,97.07,97.07
OI001721,O000265,P0182,1,99.66,99.66
OI001722,O000398,P0097,4,24.44,97.76
OI001723,O000210,P0029,3,137.48,412.44
OI001724,O000444,P0074,4,68.57,274.28
OI001725,O000987,P0033,1,69.13,69.13
OI001726,O000764,P0129,5,43.04,215.2
OI001727,O000067,P0152,5,124.65,623.25
OI001728,O000600,P0042,4,84.32,337.28
OI001729,O000099,P0013,2,204.47,408.94
OI001730,O000189,P0020,5,244.35,1221.75
OI001731,O000723,P0050,4,115.95,463.8
OI001732,O000805,P0138,3,117.83,353.49
OI001733,O000992,P0027,3,38.79,116.37
OI001734,O000980,P0025,3,83.25,249.75
OI001735,O000414,P0050,4,115.95,463.8
OI001736,O000526,P0023,5,260.5,1302.5
OI001737,O000015,P0024,1,81.07,81.07
OI001738,O000442,P0024,3,81.07,243.21
OI001739,O000902,P0178,1,284.43,284.43
OI001740,O000572,P0155,2,81.82,163.64
OI001741,O000646,P0114,1,100.79,100.79
OI001742,O000680,P0123,4,81.92,327.68
OI001743,O000575,P0166,4,114.06,456.24
OI001744,O000471,P0103,2,71.16,142.32
OI001745,O000483,P0158,4,93.37,373.48
OI001746,O000304,P0126,1,57.21,57.21
OI001747,O000491,P0189,3,131.12,393.36
OI001748,O000444,P0174,1,347.83,347.83
OI001749,O000997,P0069,3,31.34,94.02
OI001750,O000531,P0132,3,67.76,203.28
OI001751,O000704,P0094,1,76.44,76.44
OI001752,O000482,P0185,2,333.87,667.74
OI001753,O000522,P0055,3,99.52,298.56
OI001754,O000447,P0033,2,69.13,138.26
OI001755,O000778,P0007,3,360.51,1081.53
OI001756,O000034,P0062,2,71.74,143.48
OI001757,O000842,P0020,5,244.35,1221.75
OI001758,O000987,P0005,2,283.06,566.12
OI001759,O000640,P0019,1,67.31,67.31
OI001760,O000696,P0151,3,373.89,1121.67
OI001761,O000015,P0054,4,31.28,125.12
OI001762,O000004,P0050,5,115.95,579.75
OI001763,O000358,P0112,2,101.84,203.68
OI001764,O000202,P0162,3,274.18,822.54
OI001765,O000929,P0080,1,282.38,282.38
OI001766,O000749,P0019,3,67.31,201.93
OI001767,O000931,P0198,3,267.05,801.15
OI001768,O000347,P0016,4,75.2,300.8
OI001769,O000452,P0010,1,48.48,48.48
OI001770,O000138,P0098,1,87.52,87.52
OI001771,O000661,P0113,5,20.11,100.55
OI001772,O000558,P0075,4,101.68,406.72
OI001773,O000524,P0151,4,373.89,1495.56
OI001774,O000382,P0032,5,98.45,492.25
OI001775,O000016,P0134,3,39.68,119.04
OI001776,O000724,P0083,2,97.42,194.84
OI001777,O000906,P0119,2,37.99,75.98
OI001778,O000599,P0197,2,188.73,377.46
OI001779,O000656,P0029,1,137.48,137.48
OI001780,O000975,P0099,5,136.69,683.45
OI001781,O000740,P0151,5,373.89,1869.45
OI001782,O000756,P0124,2,83.79,167.58
OI001783,O000082,P0056,5,175.19,875.95
OI001784,O000641,P0038,5,68.52,342.6
OI001785,O000569,P0178,2,284.43,568.86
OI001786,O000603,P0131,1,93.84,93.84
OI001787,O000093,P0125,4,339.63,1358.52
OI001788,O000876,P0059,4,193.41,773.64
OI001789,O000196,P0084,4,100.61,402.44
OI001790,O000791,P0025,5,83.25,416.25
OI001791,O000433,P0122,2,112.3,224.6
OI001792,O000562,P0184,2,93.76,187.52
OI001793,O000065,P0174,4,347.83,1391.32
OI001794,O000191,P0046,3,93.66,280.98
OI001795,O000347,P0126,4,57.21,228.84
OI001796,O000223,P0141,3,247.81,743.43
OI001797,O000412,P0040,1,73.43,73.43
OI001798,O000017,P0090,4,105.69,422.76
OI001799,O000673,P0091,2,53.61,107.22
OI001800,O000204,P0157,1,329.97,329.97
OI001801,O000188,P0052,4,81.47,325.88
OI001802,O000016,P0108,4,73.46,293.84
OI001803,O000289,P0029,1,137.48,137.48
OI001804,O000691,P0183,1,79.24,79.24
OI001805,O000537,P0126,2,57.21,114.42
OI001806,O000504,P0170,5,97.07,485.35
OI001807,O000093,P0119,5,37.99,189.95
OI001808,O000152,P0009,3,220.03,660.09
OI001809,O000013,P0139,5,175.56,877.8
OI001810,O000799,P0069,4,31.34,125.36
OI001811,O000991,P0052,4,81.47,325.88
OI001812,O000426,P0013,2,204.47,408.94
OI001813,O000623,P0119,1,37.99,37.99
OI001814,O000241,P0048,4,22.94,91.76
OI001815,O000712,P0082,1,108.55,108.55
OI001816,O000778,P0098,4,87.52,350.08
OI001817,O000738,P0128,2,81.48,162.96
OI001818,O000601,P0084,2,100.61,201.22
OI001819,O000588,P0044,5,83.65,418.25
OI001820,O000978,P0109,1,269.31,269.31
OI001821,O000425,P0099,5,136.69,683.45
OI001822,O000585,P0127,5,56.63,283.15
OI001823,O000909,P0125,3,339.63,1018.89
OI001824,O000988,P0124,3,83.79,251.37
OI001825,O000875,P0061,4,68.73,274.92
OI001826,O000478,P0029,2,137.48,274.96
OI001827,O000359,P0196,5,97.68,488.4
OI001828,O000586,P0095,1,300.44,300.44
OI001829,O000998,P0001,1,205.63,205.63
OI001830,O000422,P0108,2,73.46,146.92
OI001831,O000565,P0079,2,116.9,233.8
OI001832,O000024,P0020,3,244.35,733.05
OI001833,O000213,P0032,3,98.45,295.35
OI001834,O000060,P0042,1,84.32,84.32
OI001835,O000253,P0148,1,300.56,300.56
OI001836,O000771,P0057,3,429.62,1288.86
OI001837,O000951,P0128,2,81.48,162.96
OI001838,O000812,P0185,5,333.87,1669.35
OI001839,O000458,P0072,5,138.56,692.8
OI001840,O000247,P0107,3,246.04,738.12
OI001841,O000276,P0027,4,38.79,155.16
OI001842,O000614,P0137,2,98.66,197.32
OI001843,O000186,P0091,2,53.61,107.22
OI001844,O000106,P0090,5,105.69,528.45
OI001845,O000792,P0193,5,76.48,382.4
OI001846,O000847,P0119,4,37.99,151.96
OI001847,O000324,P0019,2,67.31,134.62
OI001848,O000469,P0063,2,104.03,208.06
OI001849,O000441,P0037,1,163.56,163.56
OI001850,O000237,P0145,5,45.17,225.85
OI001851,O000906,P0008,5,76.87,384.35
OI001852,O000383,P0057,1,429.62,429.62
OI001853,O000058,P0051,5,136.99,684.95
OI001854,O000401,P0078,2,78.12,156.24
OI001855,O000693,P0030,4,45.34,181.36
OI001856,O000267,P0039,4,281.89,1127.56
OI001857,O000868,P0163,5,124.01,620.05
OI001858,O000589,P0143,3,31.09,93.27
OI001859,O000764,P0051,1,136.99,136.99
OI001860,O000751,P0087,3,76.86,230.58
OI001861,O000153,P0006,2,64.76,129.52
OI001862,O000744,P0172,1,71.84,71.84
OI001863,O000875,P0185,1,333.87,333.87
OI001864,O000857,P0057,2,429.62,859.24
OI001865,O000992,P0021,1,115.8,115.8
OI001866,O000342,P0121,3,79.61,238.83
OI001867,O000192,P0001,3,205.63,616.89
OI001868,O000051,P0197,3,188.73,566.19
OI001869,O000280,P0178,2,284.43,568.86
OI001870,O000848,P0023,4,260.5,1042.0
OI001871,O000798,P0010,1,48.48,48.48
OI001872,O000585,P0031,1,88.15,88.15
OI001873,O000102,P0168,5,72.78,363.9
OI001874,O000664,P0044,4,83.65,334.6
OI001875,O000981,P0198,2,267.05,534.1
OI001876,O000833,P0072,3,138.56,415.68
OI001877,O000436,P0079,2,116.9,233.8
OI001878,O000988,P0150,4,172.48,689.92
OI001879,O000711,P0165,2,133.56,267.12
OI001880,O000735,P0056,4,175.19,700.76
OI001881,O000479,P0131,4,93.84,375.36
OI001882,O000329,P0068,1,67.6,67.6
OI001883,O000926,P0117,3,227.62,682.86
OI001884,O000288,P0196,5,97.68,488.4
OI001885,O000052,P0076,1,79.1,79.1
OI001886,O000596,P0098,1,87.52,87.52
OI001887,O000714,P0149,3,60.85,182.55
OI001888,O000923,P0048,1,22.94,22.94
OI001889,O000080,P0052,2,81.47,162.94
OI001890,O000584,P0054,5,31.28,156.4
OI001891,O000194,P0120,5,55.36,276.8
OI001892,O000927,P0079,3,116.9,350.7
OI001893,O000747,P0138,5,117.83,589.15
OI001894,O000575,P0127,5,56.63,283.15
OI001895,O000792,P0046,4,93.66,374.64
OI001896,O000370,P0041,3,329.52,988.56
OI001897,O000441,P0101,1,29.46,29.46
OI001898,O000020,P0129,4,43.04,172.16
OI001899,O000491,P0183,2,79.24,158.48
OI001900,O000315,P0077,2,59.39,118.78
OI001901,O000822,P0056,4,175.19,700.76
OI001902,O000098,P0085,1,82.19,82.19
OI001903,O000429,P0137,5,98.66,493.3
OI001904,O000506,P0199,5,341.73,1708.65
OI001905,O000857,P0053,4,89.14,356.56
OI001906,O000580,P0056,3,175.19,525.57
OI001907,O000733,P0039,2,281.89,563.78
OI001908,O000748,P0045,2,55.08,110.16
OI001909,O000202,P0043,4,62.64,250.56
OI001910,O000161,P0134,3,39.68,119.04
OI001911,O000881,P0181,4,59.13,236.52
OI001912,O000740,P0035,2,46.2,92.4
OI001913,O000788,P0198,4,267.05,1068.2
OI001914,O000576,P0114,4,100.79,403.16
OI001915,O000392,P0049,2,210.17,420.34
OI001916,O000094,P0177,4,271.9,1087.6
OI001917,O000171,P0066,3,55.48,166.44
OI001918,O000165,P0028,2,46.28,92.56
OI001919,O000987,P0147,3,323.57,970.71
OI001920,O000738,P0107,2,246.04,492.08
OI001921,O000597,P0142,5,59.27,296.35
OI001922,O000908,P0055,2,99.52,199.04
OI001923,O000092,P0053,3,89.14,267.42
OI001924,O000757,P0181,2,59.13,118.26
OI001925,O000281,P0056,2,175.19,350.38
OI001926,O000124,P0119,2,37.99,75.98
OI001927,O000174,P0077,4,59.39,237.56
OI001928,O000574,P0157,3,329.97,989.91
OI001929,O000226,P0177,5,271.9,1359.5
OI001930,O000863,P0065,3,107.74,323.22
OI001931,O000362,P0122,1,112.3,112.3
OI001932,O000827,P0078,5,78.12,390.6
OI001933,O000825,P0010,5,48.48,242.4
OI001934,O000390,P0119,4,37.99,151.96
OI001935,O000120,P0023,4,260.5,1042.0
OI001936,O000289,P0164,2,221.03,442.06
OI001937,O000921,P0057,1,429.62,429.62
OI001938,O000747,P0034,5,118.3,591.5
OI001939,O000133,P0177,4,271.9,1087.6
OI001940,O000085,P0079,1,116.9,116.9
OI001941,O000332,P0015,2,75.36,150.72
OI001942,O000065,P0153,3,83.43,250.29
OI001943,O000214,P0170,3,97.07,291.21
OI001944,O000602,P0051,3,136.99,410.97
OI001945,O000524,P0090,5,105.69,528.45
OI001946,O000292,P0058,3,390.27,1170.81
OI001947,O000713,P0138,5,117.83,589.15
OI001948,O000591,P0010,4,48.48,193.92
OI001949,O000824,P0093,4,133.0,532.0
OI001950,O000595,P0120,1,55.36,55.36
OI001951,O000397,P0019,1,67.31,67.31
OI001952,O000562,P0030,1,45.34,45.34
OI001953,O000015,P0063,3,104.03,312.09
OI001954,O000096,P0167,1,107.33,107.33
OI001955,O000525,P0154,2,418.25,836.5
OI001956,O000080,P0024,1,81.07,81.07
OI001957,O000119,P0016,5,75.2,376.0
OI001958,O000785,P0159,5,86.03,430.15
OI001959,O000992,P0096,3,65.44,196.32
OI001960,O000916,P0164,4,221.03,884.12
OI001961,O000525,P0029,2,137.48,274.96
OI001962,O000693,P0055,3,99.52,298.56
OI001963,O000132,P0186,2,59.97,119.94
OI001964,O000175,P0067,1,337.1,337.1
OI001965,O000838,P0121,4,79.61,318.44
OI001966,O000339,P0085,2,82.19,164.38
OI001967,O000282,P0136,3,60.43,181.29
OI001968,O000217,P0101,1,29.46,29.46
OI001969,O000344,P0043,5,62.64,313.2
OI001970,O000788,P0060,2,71.75,143.5
OI001971,O000814,P0016,3,75.2,225.6
OI001972,O000151,P0134,4,39.68,158.72
OI001973,O000697,P0036,3,117.88,353.64
OI001974,O000450,P0188,3,252.61,757.83
OI001975,O000942,P0038,1,68.52,68.52
OI001976,O000336,P0080,2,282.38,564.76
OI001977,O000969,P0166,3,114.06,342.18
OI001978,O000495,P0158,4,93.37,373.48
OI001979,O000533,P0193,4,76.48,305.92
OI001980,O000593,P0089,2,137.76,275.52
OI001981,O000397,P0045,3,55.08,165.24
OI001982,O000456,P0082,5,108.55,542.75
OI001983,O000661,P0149,1,60.85,60.85
OI001984,O000222,P0040,4,73.43,293.72
OI001985,O000788,P0132,1,67.76,67.76
OI001986,O000480,P0038,3,68.52,205.56
OI001987,O000655,P0097,2,24.44,48.88
OI001988,O000574,P0194,4,284.46,1137.84
OI001989,O000637,P0059,1,193.41,193.41
OI001990,O000510,P0157,2,329.97,659.94
OI001991,O000893,P0163,2,124.01,248.02
OI001992,O000526,P0144,3,71.73,215.19
OI001993,O000801,P0009,5,220.03,1100.15
OI001994,O000302,P0109,4,269.31,1077.24
OI001995,O000072,P0177,3,271.9,815.7
OI001996,O000105,P0164,5,221.03,1105.15
OI001997,O000116,P0073,3,112.77,338.31
OI001998,O000711,P0008,4,76.87,307.48
OI001999,O000093,P0137,5,98.66,493.3
OI002000,O000780,P0152,3,124.65,373.95
OI002001,O000905,P0039,2,281.89,563.78
OI002002,O000394,P0125,3,339.63,1018.89
OI002003,O000472,P0098,1,87.52,87.52
OI002004,O000850,P0089,2,137.76,275.52
OI002005,O000800,P0132,4,67.76,271.04
OI002006,O000023,P0187,3,36.09,108.27
OI002007,O000015,P0180,2,43.78,87.56
OI002008,O000885,P0032,5,98.45,492.25
OI002009,O000002,P0006,4,64.76,259.04
OI002010,O000176,P0113,2,20.11,40.22
OI002011,O000149,P0070,2,104.08,208.16
OI002012,O000901,P0164,3,221.03,663.09
OI002013,O000032,P0151,4,373.89,1495.56
OI002014,O000278,P0160,2,92.71,185.42
OI002015,O000792,P0051,5,136.99,684.95
OI002016,O000462,P0191,3,267.43,802.29
OI002017,O000121,P0102,3,112.47,337.41
OI002018,O000129,P0082,1,108.55,108.55
OI002019,O000440,P0030,1,45.34,45.34
OI002020,O000912,P0146,2,62.75,125.5
OI002021,O000711,P0057,4,429.62,1718.48
OI002022,O000002,P0158,3,93.37,280.11
OI002023,O000990,P0008,2,76.87,153.74
OI002024,O000634,P0199,2,341.73,683.46
OI002025,O000761,P0166,1,114.06,114.06
OI002026,O000406,P0123,5,81.92,409.6
OI002027,O000145,P0037,4,163.56,654.24
OI002028,O000337,P0077,1,59.39,59.39
OI002029,O000621,P0104,3,53.78,161.34
OI002030,O000412,P0039,4,281.89,1127.56
OI002031,O000650,P0125,4,339.63,1358.52
OI002032,O000114,P0111,5,80.09,400.45
OI002033,O000808,P0198,5,267.05,1335.25
OI002034,O000007,P0072,5,138.56,692.8
OI002035,O000578,P0064,3,105.72,317.16
OI002036,O000621,P0196,1,97.68,97.68
OI002037,O000466,P0196,5,97.68,488.4
OI002038,O000999,P0157,5,329.97,1649.85
OI002039,O000908,P0027,2,38.79,77.58
OI002040,O000673,P0125,1,339.63,339.63
OI002041,O000118,P0057,3,429.62,1288.86
OI002042,O000353,P0186,3,59.97,179.91
OI002043,O000135,P0126,3,57.21,171.63
OI002044,O000791,P0160,1,92.71,92.71
OI002045,O000264,P0003,5,251.79,1258.95
OI002046,O000289,P0037,4,163.56,654.24
OI002047,O000754,P0189,3,131.12,393.36
OI002048,O000086,P0162,1,274.18,274.18
OI002049,O000447,P0129,2,43.04,86.08
OI002050,O000987,P0196,4,97.68,390.72
OI002051,O000617,P0030,4,45.34,181.36
OI002052,O000456,P0186,4,59.97,239.88
OI002053,O000435,P0088,3,107.19,321.57
OI002054,O000179,P0025,5,83.25,416.25
OI002055,O000315,P0129,3,43.04,129.12
OI002056,O000465,P0153,2,83.43,166.86
OI002057,O000596,P0154,5,418.25,2091.25
OI002058,O000278,P0107,4,246.04,984.16
OI002059,O000351,P0116,3,345.28,1035.84
OI002060,O000731,P0086,4,69.43,277.72
OI002061,O000209,P0040,4,73.43,293.72
OI002062,O000239,P0019,1,67.31,67.31
OI002063,O000230,P0155,1,81.82,81.82
OI002064,O000721,P0179,4,423.2,1692.8
OI002065,O000586,P0168,5,72.78,363.9
OI002066,O000021,P0071,4,108.8,435.2
OI002067,O000173,P0030,5,45.34,226.7
OI002068,O000010,P0177,5,271.9,1359.5
OI002069,O000719,P0137,4,98.66,394.64
OI002070,O000855,P0029,1,137.48,137.48
OI002071,O000785,P0053,3,89.14,267.42
OI002072,O000132,P0157,4,329.97,1319.88
OI002073,O000906,P0070,4,104.08,416.32
OI002074,O000912,P0113,4,20.11,80.44
OI002075,O000929,P0015,2,75.36,150.72
OI002076,O000925,P0092,1,251.54,251.54
OI002077,O000357,P0103,3,71.16,213.48
OI002078,O000920,P0175,3,226.29,678.87
OI002079,O000169,P0046,5,93.66,468.3
OI002080,O000853,P0144,3,71.73,215.19
OI002081,O000063,P0155,3,81.82,245.46
OI002082,O000485,P0016,3,75.2,225.6
OI002083,O000101,P0069,3,31.34,94.02
OI002084,O000562,P0056,3,175.19,525.57
OI002085,O000266,P0051,5,136.99,684.95
OI002086,O000549,P0008,3,76.87,230.61
OI002087,O000132,P0075,3,101.68,305.04
OI002088,O000284,P0124,4,83.79,335.16
OI002089,O000668,P0076,1,79.1,79.1
OI002090,O000134,P0060,4,71.75,287.0
OI002091,O000071,P0025,2,83.25,166.5
OI002092,O000123,P0137,1,98.66,98.66
OI002093,O000645,P0126,3,57.21,171.63
OI002094,O000511,P0146,2,62.75,125.5
OI002095,O000902,P0045,3,55.08,165.24
OI002096,O000526,P0065,5,107.74,538.7
OI002097,O000907,P0166,3,114.06,342.18
OI002098,O000998,P0122,1,112.3,112.3
OI002099,O000013,P0107,3,246.04,738.12
OI002100,O000176,P0135,1,118.42,118.42
OI002101,O000187,P0101,1,29.46,29.46
OI002102,O000799,P0036,5,117.88,589.4
OI002103,O000511,P0164,4,221.03,884.12
OI002104,O000421,P0068,1,67.6,67.6
OI002105,O000579,P0058,1,390.27,390.27
OI002106,O000639,P0009,2,220.03,440.06
OI002107,O000658,P0102,1,112.47,112.47
OI002108,O000280,P0050,4,115.95,463.8
OI002109,O000808,P0042,5,84.32,421.6
OI002110,O000049,P0175,2,226.29,452.58
OI002111,O000812,P0107,3,246.04,738.12
OI002112,O000359,P0100,3,83.19,249.57
OI002113,O000222,P0016,1,75.2,75.2
OI002114,O000400,P0046,2,93.66,187.32
OI002115,O000379,P0017,2,48.14,96.28
OI002116,O000129,P0063,5,104.03,520.15
OI002117,O000349,P0082,3,108.55,325.65
OI002118,O000035,P0150,2,172.48,344.96
OI002119,O000118,P0035,1,46.2,46.2
OI002120,O000642,P0191,2,267.43,534.86
OI002121,O000918,P0116,5,345.28,1726.4
OI002122,O000497,P0042,1,84.32,84.32
OI002123,O000132,P0132,4,67.76,271.04
OI002124,O000036,P0006,2,64.76,129.52
OI002125,O000934,P0198,4,267.05,1068.2
OI002126,O000049,P0170,5,97.07,485.35
OI002127,O000949,P0102,4,112.47,449.88
OI002128,O000065,P0161,5,98.07,490.35
OI002129,O000556,P0131,3,93.84,281.52
OI002130,O000494,P0071,1,108.8,108.8
OI002131,O000057,P0162,5,274.18,1370.9
OI002132,O000737,P0159,2,86.03,172.06
OI002133,O000491,P0066,5,55.48,277.4
OI002134,O000830,P0190,1,109.52,109.52
OI002135,O000598,P0018,3,368.51,1105.53
OI002136,O000179,P0021,5,115.8,579.0
OI002137,O000164,P0094,1,76.44,76.44
OI002138,O000510,P0024,2,81.07,162.14
OI002139,O000363,P0111,2,80.09,160.18
OI002140,O000807,P0147,3,323.57,970.71
OI002141,O000936,P0080,4,282.38,1129.52
OI002142,O000873,P0140,1,420.42,420.42
OI002143,O000548,P0200,3,98.0,294.0
OI002144,O000219,P0037,1,163.56,163.56
OI002145,O000577,P0135,3,118.42,355.26
OI002146,O000517,P0046,1,93.66,93.66
OI002147,O000405,P0024,5,81.07,405.35
OI002148,O000451,P0064,4,105.72,422.88
OI002149,O000407,P0137,3,98.66,295.98
OI002150,O000208,P0002,1,91.67,91.67
OI002151,O000796,P0175,1,226.29,226.29
OI002152,O000998,P0041,1,329.52,329.52
OI002153,O000159,P0174,3,347.83,1043.49
OI002154,O000681,P0085,3,82.19,246.57
OI002155,O000547,P0185,2,333.87,667.74
OI002156,O000938,P0005,3,283.06,849.18
OI002157,O000927,P0095,3,300.44,901.32
OI002158,O000088,P0019,2,67.31,134.62
OI002159,O000203,P0140,1,420.42,420.42
OI002160,O000754,P0067,4,337.1,1348.4
OI002161,O000372,P0055,2,99.52,199.04
OI002162,O000664,P0169,4,260.33,1041.32
OI002163,O000359,P0033,5,69.13,345.65
OI002164,O000719,P0087,2,76.86,153.72
OI002165,O000691,P0116,2,345.28,690.56
OI002166,O000258,P0049,5,210.17,1050.85
OI002167,O000061,P0183,4,79.24,316.96
OI002168,O000726,P0081,3,78.99,236.97
OI002169,O000260,P0023,3,260.5,781.5
OI002170,O000844,P0005,2,283.06,566.12
OI002171,O000894,P0060,3,71.75,215.25
OI002172,O000816,P0104,3,53.78,161.34
OI002173,O000079,P0114,4,100.79,403.16
OI002174,O000531,P0054,1,31.28,31.28
OI002175,O000526,P0024,1,81.07,81.07
OI002176,O000126,P0013,1,204.47,204.47
OI002177,O000296,P0149,1,60.85,60.85
OI002178,O000504,P0004,1,289.27,289.27
OI002179,O000980,P0124,3,83.79,251.37
OI002180,O000938,P0018,4,368.51,1474.04
OI002181,O000638,P0069,5,31.34,156.7
OI002182,O000761,P0094,4,76.44,305.76
OI002183,O000140,P0002,5,91.67,458.35
OI002184,O000217,P0153,5,83.43,417.15
OI002185,O000209,P0149,5,60.85,304.25
OI002186,O000985,P0095,5,300.44,1502.2
OI002187,O000780,P0026,3,120.5,361.5
OI002188,O000014,P0128,3,81.48,244.44
OI002189,O000226,P0018,1,368.51,368.51
OI002190,O000314,P0142,3,59.27,177.81
OI002191,O000412,P0044,4,83.65,334.6
OI002192,O000125,P0115,5,47.59,237.95
OI002193,O000240,P0039,5,281.89,1409.45
OI002194,O000753,P0180,4,43.78,175.12
OI002195,O000093,P0112,5,101.84,509.2
OI002196,O000508,P0025,1,83.25,83.25
OI002197,O000608,P0018,5,368.51,1842.55
OI002198,O000176,P0117,5,227.62,1138.1
OI002199,O000573,P0149,2,60.85,121.7
OI002200,O000902,P0178,5,284.43,1422.15
OI002201,O000168,P0024,4,81.07,324.28
OI002202,O000057,P0181,4,59.13,236.52
OI002203,O000046,P0183,2,79.24,158.48
OI002204,O000086,P0121,5,79.61,398.05
OI002205,O000127,P0032,5,98.45,492.25
OI002206,O000366,P0030,1,45.34,45.34
OI002207,O000130,P0014,1,160.43,160.43
OI002208,O000259,P0070,3,104.08,312.24
OI002209,O000641,P0090,3,105.69,317.07
OI002210,O000691,P0134,5,39.68,198.4
OI002211,O000127,P0134,5,39.68,198.4
OI002212,O000236,P0043,4,62.64,250.56
OI002213,O000541,P0001,4,205.63,822.52
OI002214,O000546,P0153,1,83.43,83.43
OI002215,O000235,P0047,5,308.95,1544.75
OI002216,O000755,P0170,1,97.07,97.07
OI002217,O000233,P0107,5,246.04,1230.2
OI002218,O000125,P0141,1,247.81,247.81
OI002219,O000512,P0123,1,81.92,81.92
OI002220,O000230,P0031,1,88.15,88.15
OI002221,O000451,P0022,3,111.65,334.95
OI002222,O000947,P0013,3,204.47,613.41
OI002223,O000964,P0086,4,69.43,277.72
OI002224,O000159,P0129,5,43.04,215.2
OI002225,O000716,P0030,5,45.34,226.7
OI002226,O000018,P0100,1,83.19,83.19
OI002227,O000876,P0153,4,83.43,333.72
OI002228,O000922,P0075,2,101.68,203.36
OI002229,O000777,P0155,3,81.82,245.46
OI002230,O000738,P0116,2,345.28,690.56
OI002231,O000454,P0115,5,47.59,237.95
OI002232,O000210,P0151,4,373.89,1495.56
OI002233,O000067,P0040,4,73.43,293.72
OI002234,O000318,P0171,1,98.58,98.58
OI002235,O000944,P0152,3,124.65,373.95
OI002236,O000716,P0184,2,93.76,187.52
OI002237,O000358,P0187,1,36.09,36.09
OI002238,O000452,P0153,1,83.43,83.43
OI002239,O000896,P0072,1,138.56,138.56
OI002240,O000046,P0125,4,339.63,1358.52
OI002241,O000967,P0014,3,160.43,481.29
OI002242,O000226,P0124,2,83.79,167.58
OI002243,O000264,P0092,2,251.54,503.08
OI002244,O000013,P0002,5,91.67,458.35
OI002245,O000152,P0048,1,22.94,22.94
OI002246,O000819,P0039,5,281.89,1409.45
OI002247,O000386,P0085,3,82.19,246.57
OI002248,O000262,P0098,3,87.52,262.56
OI002249,O000667,P0188,3,252.61,757.83
OI002250,O000219,P0190,2,109.52,219.04
OI002251,O000363,P0039,2,281.89,563.78
OI002252,O000547,P0091,1,53.61,53.61
OI002253,O000199,P0044,5,83.65,418.25
OI002254,O000307,P0137,5,98.66,493.3
OI002255,O000121,P0049,3,210.17,630.51
OI002256,O000298,P0074,3,68.57,205.71
OI002257,O000673,P0160,3,92.71,278.13
OI002258,O000104,P0185,3,333.87,1001.61
OI002259,O000262,P0194,4,284.46,1137.84
OI002260,O000958,P0164,4,221.03,884.12
OI002261,O000747,P0061,4,68.73,274.92
OI002262,O000423,P0079,1,116.9,116.9
OI002263,O000178,P0011,1,332.11,332.11
OI002264,O000821,P0130,2,113.44,226.88
OI002265,O000841,P0029,2,137.48,274.96
OI002266,O000993,P0050,3,115.95,347.85
OI002267,O000612,P0101,1,29.46,29.46
OI002268,O000736,P0088,1,107.19,107.19
OI002269,O000587,P0041,4,329.52,1318.08
OI002270,O000520,P0129,3,43.04,129.12
OI002271,O000756,P0159,3,86.03,258.09
OI002272,O000328,P0002,5,91.67,458.35
OI002273,O000233,P0062,2,71.74,143.48
OI002274,O000083,P0001,5,205.63,1028.15
OI002275,O000351,P0167,3,107.33,321.99
OI002276,O000578,P0074,2,68.57,137.14
OI002277,O000008,P0004,4,289.27,1157.08
OI002278,O000111,P0174,1,347.83,347.83
OI002279,O000316,P0103,3,71.16,213.48
OI002280,O000683,P0078,5,78.12,390.6
OI002281,O000534,P0061,3,68.73,206.19
OI002282,O000492,P0084,1,100.61,100.61
OI002283,O000732,P0051,4,136.99,547.96
OI002284,O000731,P0017,2,48.14,96.28
OI002285,O000979,P0036,4,117.88,471.52
OI002286,O000924,P0113,2,20.11,40.22
OI002287,O000313,P0018,2,368.51,737.02
OI002288,O000957,P0177,5,271.9,1359.5
OI002289,O000700,P0190,4,109.52,438.08
OI002290,O000595,P0092,5,251.54,1257.7
OI002291,O000004,P0014,1,160.43,160.43
OI002292,O000407,P0122,3,112.3,336.9
OI002293,O000361,P0114,2,100.79,201.58
OI002294,O000453,P0029,2,137.48,274.96
OI002295,O000006,P0199,2,341.73,683.46
OI002296,O000154,P0042,4,84.32,337.28
OI002297,O000316,P0102,5,112.47,562.35
OI002298,O000771,P0133,1,447.5,447.5
OI002299,O000420,P0110,2,129.63,259.26
OI002300,O000471,P0128,1,81.48,81.48
OI002301,O000500,P0084,1,100.61,100.61
OI002302,O000806,P0092,2,251.54,503.08
OI002303,O000369,P0002,3,91.67,275.01
OI002304,O000216,P0056,4,175.19,700.76
OI002305,O000266,P0022,2,111.65,223.3
OI002306,O000072,P0189,5,131.12,655.6
OI002307,O000587,P0044,2,83.65,167.3
OI002308,O000010,P0024,4,81.07,324.28
OI002309,O000243,P0169,3,260.33,780.99
OI002310,O000184,P0132,1,67.76,67.76
OI002311,O000583,P0084,4,100.61,402.44
OI002312,O000455,P0021,2,115.8,231.6
OI002313,O000068,P0155,2,81.82,163.64
OI002314,O000354,P0159,4,86.03,344.12
OI002315,O000245,P0052,4,81.47,325.88
OI002316,O000788,P0176,5,215.29,1076.45
OI002317,O000284,P0076,1,79.1,79.1
OI002318,O000816,P0026,5,120.5,602.5
OI002319,O000904,P0088,1,107.19,107.19
OI002320,O000071,P0190,3,109.52,328.56
OI002321,O000162,P0043,1,62.64,62.64
OI002322,O000286,P0089,4,137.76,551.04
OI002323,O000189,P0134,1,39.68,39.68
OI002324,O000890,P0024,4,81.07,324.28
OI002325,O000155,P0136,5,60.43,302.15
OI002326,O000955,P0006,2,64.76,129.52
OI002327,O000648,P0160,5,92.71,463.55
OI002328,O000028,P0161,1,98.07,98.07
OI002329,O000241,P0196,2,97.68,195.36
OI002330,O000382,P0138,3,117.83,353.49
OI002331,O000558,P0164,3,221.03,663.09
OI002332,O000033,P0082,4,108.55,434.2
OI002333,O000038,P0158,5,93.37,466.85
OI002334,O000837,P0163,3,124.01,372.03
OI002335,O000420,P0184,3,93.76,281.28
OI002336,O000714,P0101,3,29.46,88.38
OI002337,O000700,P0095,5,300.44,1502.2
OI002338,O000802,P0195,5,68.25,341.25
OI002339,O000005,P0073,3,112.77,338.31
OI002340,O001000,P0013,1,204.47,204.47
OI002341,O000702,P0119,2,37.99,75.98
OI002342,O000694,P0090,3,105.69,317.07
OI002343,O000556,P0049,4,210.17,840.68
OI002344,O000026,P0130,2,113.44,226.88
OI002345,O000073,P0166,1,114.06,114.06
OI002346,O000618,P0182,2,99.66,199.32
OI002347,O000291,P0183,3,79.24,237.72
OI002348,O000726,P0041,2,329.52,659.04
OI002349,O000361,P0185,4,333.87,1335.48
OI002350,O000261,P0126,2,57.21,114.42
OI002351,O000784,P0100,3,83.19,249.57
OI002352,O000725,P0085,2,82.19,164.38
OI002353,O000350,P0182,3,99.66,298.98
OI002354,O000639,P0054,1,31.28,31.28
OI002355,O000103,P0159,2,86.03,172.06
OI002356,O000955,P0013,2,204.47,408.94
OI002357,O000221,P0067,4,337.1,1348.4
OI002358,O000949,P0072,3,138.56,415.68
OI002359,O000237,P0106,1,121.07,121.07
OI002360,O000472,P0079,2,116.9,233.8
OI002361,O000455,P0048,1,22.94,22.94
OI002362,O000518,P0007,4,360.51,1442.04
OI002363,O000468,P0081,2,78.99,157.98
OI002364,O000482,P0141,3,247.81,743.43
OI002365,O000233,P0046,5,93.66,468.3
OI002366,O000727,P0024,3,81.07,243.21
OI002367,O000961,P0087,5,76.86,384.3
OI002368,O000883,P0141,2,247.81,495.62
OI002369,O000174,P0117,3,227.62,682.86
OI002370,O000066,P0012,3,45.12,135.36
OI002371,O000927,P0030,4,45.34,181.36
OI002372,O000876,P0165,4,133.56,534.24
OI002373,O000786,P0107,1,246.04,246.04
OI002374,O000595,P0145,2,45.17,90.34
OI002375,O000393,P0002,5,91.67,458.35
OI002376,O000945,P0142,4,59.27,237.08
OI002377,O000317,P0045,3,55.08,165.24
OI002378,O000107,P0038,2,68.52,137.04
OI002379,O000252,P0003,3,251.79,755.37
OI002380,O000131,P0085,5,82.19,410.95
OI002381,O000536,P0035,4,46.2,184.8
OI002382,O000235,P0047,5,308.95,1544.75
OI002383,O000330,P0179,2,423.2,846.4
OI002384,O000058,P0134,1,39.68,39.68
OI002385,O000157,P0122,1,112.3,112.3
OI002386,O000175,P0072,4,138.56,554.24
OI002387,O000966,P0157,1,329.97,329.97
OI002388,O000625,P0145,2,45.17,90.34
OI002389,O000217,P0035,3,46.2,138.6
OI002390,O000179,P0111,5,80.09,400.45
OI002391,O000563,P0077,3,59.39,178.17
OI002392,O000974,P0042,3,84.32,252.96
OI002393,O000309,P0060,5,71.75,358.75
OI002394,O000822,P0064,1,105.72,105.72
OI002395,O000014,P0014,5,160.43,802.15
OI002396,O000608,P0090,2,105.69,211.38
OI002397,O000496,P0124,2,83.79,167.58
OI002398,O000405,P0043,1,62.64,62.64
OI002399,O000525,P0141,4,247.81,991.24
OI002400,O000188,P0051,2,136.99,273.98
OI002401,O000779,P0075,5,101.68,508.4
OI002402,O000810,P0064,5,105.72,528.6
OI002403,O000489,P0150,1,172.48,172.48
OI002404,O000983,P0004,5,289.27,1446.35
OI002405,O000293,P0017,5,48.14,240.7
OI002406,O000302,P0129,5,43.04,215.2
OI002407,O000997,P0054,2,31.28,62.56
OI002408,O000603,P0044,1,83.65,83.65
OI002409,O000089,P0156,3,33.32,99.96
OI002410,O000979,P0050,5,115.95,579.75
OI002411,O000982,P0151,1,373.89,373.89
OI002412,O000796,P0113,3,20.11,60.33
OI002413,O000861,P0185,4,333.87,1335.48
OI002414,O000747,P0025,3,83.25,249.75
OI002415,O000629,P0097,1,24.44,24.44
OI002416,O000788,P0013,4,204.47,817.88
OI002417,O000740,P0144,3,71.73,215.19
OI002418,O000218,P0083,5,97.42,487.1
OI002419,O000054,P0094,1,76.44,76.44
OI002420,O000892,P0139,5,175.56,877.8
OI002421,O000585,P0118,4,118.57,474.28
OI002422,O000317,P0173,2,93.0,186.0
OI002423,O000275,P0029,5,137.48,687.4
OI002424,O000336,P0067,5,337.1,1685.5
OI002425,O000456,P0156,4,33.32,133.28
OI002426,O000319,P0005,2,283.06,566.12
OI002427,O000500,P0087,2,76.86,153.72
OI002428,O000715,P0170,3,97.07,291.21
OI002429,O000048,P0175,1,226.29,226.29
OI002430,O000815,P0088,2,107.19,214.38
OI002431,O000377,P0101,1,29.46,29.46
OI002432,O000282,P0157,4,329.97,1319.88
OI002433,O000416,P0163,3,124.01,372.03
OI002434,O000292,P0164,1,221.03,221.03
OI002435,O000696,P0187,1,36.09,36.09
OI002436,O000537,P0025,4,83.25,333.0
OI002437,O000537,P0181,2,59.13,118.26
OI002438,O000337,P0152,4,124.65,498.6
OI002439,O000809,P0051,4,136.99,547.96
OI002440,O000013,P0192,5,233.79,1168.95
OI002441,O000646,P0140,2,420.42,840.84
OI002442,O000837,P0141,3,247.81,743.43
OI002443,O000596,P0140,5,420.42,2102.1
OI002444,O000330,P0117,3,227.62,682.86
OI002445,O000344,P0059,3,193.41,580.23
OI002446,O000520,P0057,1,429.62,429.62
OI002447,O000227,P0023,1,260.5,260.5
OI002448,O000453,P0056,1,175.19,175.19
OI002449,O000228,P0046,3,93.66,280.98
OI002450,O000868,P0127,5,56.63,283.15
OI002451,O000647,P0109,3,269.31,807.93
OI002452,O000523,P0050,1,115.95,115.95
OI002453,O000770,P0135,4,118.42,473.68
OI002454,O000787,P0071,1,108.8,108.8
OI002455,O000065,P0001,1,205.63,205.63
OI002456,O000457,P0025,2,83.25,166.5
OI002457,O000696,P0003,5,251.79,1258.95
OI002458,O000246,P0119,5,37.99,189.95
OI002459,O000951,P0133,3,447.5,1342.5
OI002460,O000287,P0112,3,101.84,305.52
OI002461,O000715,P0186,3,59.97,179.91
OI002462,O000591,P0154,1,418.25,418.25
OI002463,O000760,P0105,2,184.9,369.8
OI002464,O000524,P0038,3,68.52,205.56
OI002465,O000887,P0079,2,116.9,233.8
OI002466,O000431,P0017,3,48.14,144.42
OI002467,O000767,P0075,1,101.68,101.68
OI002468,O000910,P0076,5,79.1,395.5
OI002469,O000353,P0076,4,79.1,316.4
OI002470,O000811,P0132,4,67.76,271.04
OI002471,O000216,P0134,4,39.68,158.72
OI002472,O000133,P0117,5,227.62,1138.1
OI002473,O000758,P0108,4,73.46,293.84
OI002474,O000574,P0181,4,59.13,236.52
OI002475,O000945,P0018,5,368.51,1842.55
OI002476,O000115,P0113,2,20.11,40.22
OI002477,O000951,P0063,5,104.03,520.15
OI002478,O000875,P0100,4,83.19,332.76
OI002479,O000872,P0027,1,38.79,38.79
OI002480,O000411,P0152,4,124.65,498.6
OI002481,O000446,P0024,5,81.07,405.35
OI002482,O000380,P0136,5,60.43,302.15
OI002483,O000120,P0081,4,78.99,315.96
OI002484,O000113,P0092,3,251.54,754.62
OI002485,O000443,P0073,2,112.77,225.54
OI002486,O000077,P0033,1,69.13,69.13
OI002487,O000857,P0073,2,112.77,225.54
OI002488,O000693,P0045,5,55.08,275.4
OI002489,O000808,P0168,5,72.78,363.9
OI002490,O000335,P0115,1,47.59,47.59
OI002491,O000741,P0127,1,56.63,56.63
OI002492,O000619,P0052,1,81.47,81.47
OI002493,O000058,P0105,5,184.9,924.5
OI002494,O000217,P0162,4,274.18,1096.72
OI002495,O000086,P0022,4,111.65,446.6
OI002496,O000062,P0122,4,112.3,449.2
OI002497,O000377,P0020,5,244.35,1221.75
OI002498,O000209,P0080,2,282.38,564.76
OI002499,O000940,P0161,1,98.07,98.07
OI002500,O000383,P0141,5,247.81,1239.05
OI002501,O000050,P0114,2,100.79,201.58
OI002502,O000280,P0101,3,29.46,88.38
OI002503,O000589,P0102,4,112.47,449.88
OI002504,O000289,P0001,5,205.63,1028.15
OI002505,O000519,P0124,2,83.79,167.58
OI002506,O000039,P0030,2,45.34,90.68
OI002507,O000467,P0092,4,251.54,1006.16
OI002508,O000204,P0051,5,136.99,684.95
OI002509,O000785,P0135,5,118.42,592.1
OI002510,O000585,P0144,1,71.73,71.73
OI002511,O000007,P0181,3,59.13,177.39
OI002512,O000354,P0148,4,300.56,1202.24
OI002513,O000104,P0147,5,323.57,1617.85
OI002514,O000610,P0105,5,184.9,924.5
OI002515,O000160,P0036,1,117.88,117.88
OI002516,O000888,P0133,4,447.5,1790.0
OI002517,O000579,P0035,4,46.2,184.8
OI002518,O000354,P0149,4,60.85,243.4
OI002519,O000371,P0163,3,124.01,372.03
OI002520,O000866,P0008,2,76.87,153.74
OI002521,O000408,P0039,2,281.89,563.78
OI002522,O000147,P0174,4,347.83,1391.32
OI002523,O000456,P0122,1,112.3,112.3
OI002524,O000142,P0063,1,104.03,104.03
OI002525,O000965,P0134,2,39.68,79.36
OI002526,O000653,P0111,5,80.09,400.45
OI002527,O000463,P0147,1,323.57,323.57
OI002528,O000749,P0157,1,329.97,329.97
OI002529,O000806,P0002,2,91.67,183.34
OI002530,O000853,P0184,3,93.76,281.28
OI002531,O000770,P0159,1,86.03,86.03
OI002532,O000211,P0029,5,137.48,687.4
OI002533,O000685,P0068,2,67.6,135.2
OI002534,O000883,P0176,2,215.29,430.58
OI002535,O000441,P0015,1,75.36,75.36
OI002536,O000630,P0153,5,83.43,417.15
OI002537,O000805,P0084,4,100.61,402.44
OI002538,O000849,P0077,3,59.39,178.17
OI002539,O000592,P0139,4,175.56,702.24
OI002540,O000485,P0091,4,53.61,214.44
OI002541,O000591,P0107,1,246.04,246.04
OI002542,O000061,P0087,4,76.86,307.44
OI002543,O000516,P0050,1,115.95,115.95
OI002544,O000474,P0120,2,55.36,110.72
OI002545,O000278,P0187,3,36.09,108.27
OI002546,O000811,P0053,1,89.14,89.14
OI002547,O000860,P0095,5,300.44,1502.2
OI002548,O000484,P0123,3,81.92,245.76
OI002549,O000735,P0117,4,227.62,910.48
OI002550,O000115,P0036,2,117.88,235.76
OI002551,O000949,P0129,5,43.04,215.2
OI002552,O000820,P0199,5,341.73,1708.65
OI002553,O000433,P0164,1,221.03,221.03
OI002554,O000749,P0056,2,175.19,350.38
OI002555,O000628,P0033,2,69.13,138.26
OI002556,O000624,P0141,2,247.81,495.62
OI002557,O000910,P0049,1,210.17,210.17
OI002558,O000328,P0091,1,53.61,53.61
OI002559,O000307,P0131,2,93.84,187.68
OI002560,O000024,P0104,3,53.78,161.34
OI002561,O000377,P0190,2,109.52,219.04
OI002562,O000955,P0091,4,53.61,214.44
OI002563,O000452,P0144,3,71.73,215.19
OI002564,O000359,P0127,4,56.63,226.52
OI002565,O000149,P0170,2,97.07,194.14
OI002566,O000725,P0169,5,260.33,1301.65
OI002567,O000071,P0031,3,88.15,264.45
OI002568,O000166,P0148,1,300.56,300.56
OI002569,O000668,P0001,5,205.63,1028.15
OI002570,O000508,P0002,2,91.67,183.34
OI002571,O000256,P0194,1,284.46,284.46
OI002572,O000806,P0165,4,133.56,534.24
OI002573,O000550,P0089,5,137.76,688.8
OI002574,O000609,P0132,2,67.76,135.52
OI002575,O000925,P0078,5,78.12,390.6
OI002576,O000765,P0005,5,283.06,1415.3
OI002577,O000066,P0054,4,31.28,125.12
OI002578,O000678,P0175,2,226.29,452.58
OI002579,O000929,P0040,1,73.43,73.43
OI002580,O000874,P0170,1,97.07,97.07
OI002581,O000306,P0043,1,62.64,62.64
OI002582,O000624,P0103,4,71.16,284.64
OI002583,O000779,P0180,3,43.78,131.34
OI002584,O000025,P0188,4,252.61,1010.44
OI002585,O000541,P0141,3,247.81,743.43
OI002586,O000333,P0128,5,81.48,407.4
OI002587,O000891,P0116,5,345.28,1726.4
OI002588,O000444,P0105,3,184.9,554.7
OI002589,O000871,P0143,3,31.09,93.27
OI002590,O000091,P0056,4,175.19,700.76
OI002591,O000878,P0116,3,345.28,1035.84
OI002592,O000722,P0073,2,112.77,225.54
OI002593,O000924,P0119,5,37.99,189.95
OI002594,O000858,P0145,1,45.17,45.17
OI002595,O000523,P0001,2,205.63,411.26
OI002596,O000436,P0123,1,81.92,81.92
OI002597,O000959,P0120,2,55.36,110.72
OI002598,O000806,P0093,3,133.0,399.0
OI002599,O000964,P0185,4,333.87,1335.48
OI002600,O000189,P0165,4,133.56,534.24
OI002601,O000330,P0048,1,22.94,22.94
OI002602,O000603,P0066,3,55.48,166.44
OI002603,O000433,P0188,4,252.61,1010.44
OI002604,O000338,P0012,4,45.12,180.48
OI002605,O000785,P0056,1,175.19,175.19
OI002606,O000665,P0198,2,267.05,534.1
OI002607,O000566,P0161,5,98.07,490.35
OI002608,O000419,P0118,5,118.57,592.85
OI002609,O000792,P0065,5,107.74,538.7
OI002610,O000034,P0166,3,114.06,342.18
OI002611,O000407,P0062,3,71.74,215.22
OI002612,O000335,P0103,5,71.16,355.8
OI002613,O000238,P0143,5,31.09,155.45
OI002614,O000071,P0127,1,56.63,56.63
OI002615,O000927,P0129,4,43.04,172.16
OI002616,O000689,P0038,1,68.52,68.52
OI002617,O000425,P0192,3,233.79,701.37
OI002618,O000085,P0027,3,38.79,116.37
OI002619,O000146,P0147,5,323.57,1617.85
OI002620,O000864,P0101,2,29.46,58.92
OI002621,O000819,P0052,2,81.47,162.94
OI002622,O000492,P0187,2,36.09,72.18
OI002623,O000074,P0080,2,282.38,564.76
OI002624,O000488,P0142,2,59.27,118.54
OI002625,O000609,P0060,5,71.75,358.75
OI002626,O000330,P0040,5,73.43,367.15
OI002627,O000667,P0127,1,56.63,56.63
OI002628,O000474,P0020,5,244.35,1221.75
OI002629,O000194,P0001,4,205.63,822.52
OI002630,O000610,P0057,3,429.62,1288.86
OI002631,O000555,P0098,3,87.52,262.56
OI002632,O000505,P0128,2,81.48,162.96
OI002633,O000441,P0122,5,112.3,561.5
OI002634,O000328,P0079,4,116.9,467.6
OI002635,O000574,P0036,5,117.88,589.4
OI002636,O000579,P0193,5,76.48,382.4
OI002637,O000329,P0021,4,115.8,463.2
OI002638,O000822,P0156,5,33.32,166.6
OI002639,O000930,P0030,3,45.34,136.02
OI002640,O000730,P0012,5,45.12,225.6
OI002641,O000813,P0115,3,47.59,142.77
OI002642,O000159,P0125,2,339.63,679.26
OI002643,O000075,P0176,1,215.29,215.29
OI002644,O000637,P0114,4,100.79,403.16
OI002645,O000099,P0064,5,105.72,528.6
OI002646,O000269,P0200,5,98.0,490.0
OI002647,O000073,P0165,2,133.56,267.12
OI002648,O000106,P0031,3,88.15,264.45
OI002649,O000004,P0014,1,160.43,160.43
OI002650,O000604,P0111,2,80.09,160.18
OI002651,O000576,P0024,2,81.07,162.14
OI002652,O000345,P0103,4,71.16,284.64
OI002653,O000412,P0110,2,129.63,259.26
OI002654,O000124,P0155,2,81.82,163.64
OI002655,O000630,P0041,4,329.52,1318.08
OI002656,O000365,P0137,1,98.66,98.66
OI002657,O000889,P0016,1,75.2,75.2
OI002658,O000596,P0192,2,233.79,467.58
OI002659,O000156,P0147,2,323.57,647.14
OI002660,O000005,P0062,3,71.74,215.22
OI002661,O000511,P0186,2,59.97,119.94
OI002662,O000936,P0165,3,133.56,400.68
OI002663,O000790,P0014,1,160.43,160.43
OI002664,O000173,P0184,4,93.76,375.04
OI002665,O000118,P0080,3,282.38,847.14
OI002666,O000204,P0113,1,20.11,20.11
OI002667,O000319,P0119,2,37.99,75.98
OI002668,O000612,P0081,5,78.99,394.95
OI002669,O000934,P0144,1,71.73,71.73
OI002670,O000086,P0093,3,133.0,399.0
OI002671,O000163,P0192,4,233.79,935.16
OI002672,O000917,P0083,4,97.42,389.68
OI002673,O000523,P0159,1,86.03,86.03
OI002674,O000022,P0028,3,46.28,138.84
OI002675,O000692,P0052,4,81.47,325.88
OI002676,O000071,P0174,2,347.83,695.66
OI002677,O000547,P0071,5,108.8,544.0
OI002678,O000183,P0054,3,31.28,93.84
OI002679,O000848,P0057,5,429.62,2148.1
OI002680,O000877,P0187,2,36.09,72.18
OI002681,O000016,P0002,4,91.67,366.68
OI002682,O000346,P0150,4,172.48,689.92
OI002683,O000698,P0185,1,333.87,333.87
OI002684,O000850,P0145,5,45.17,225.85
OI002685,O000177,P0098,3,87.52,262.56
OI002686,O000204,P0052,3,81.47,244.41
OI002687,O000072,P0007,2,360.51,721.02
OI002688,O000817,P0016,3,75.2,225.6
OI002689,O000068,P0007,5,360.51,1802.55
OI002690,O000690,P0185,1,333.87,333.87
OI002691,O000920,P0181,3,59.13,177.39
OI002692,O000624,P0056,3,175.19,525.57
OI002693,O000634,P0035,2,46.2,92.4
OI002694,O000620,P0004,2,289.27,578.54
OI002695,O000078,P0137,1,98.66,98.66
OI002696,O000411,P0065,1,107.74,107.74
OI002697,O000399,P0153,1,83.43,83.43
OI002698,O000801,P0174,2,347.83,695.66
OI002699,O000466,P0108,2,73.46,146.92
OI002700,O000207,P0196,3,97.68,293.04
OI002701,O000788,P0026,1,120.5,120.5
OI002702,O000038,P0159,5,86.03,430.15
OI002703,O000654,P0139,2,175.56,351.12
OI002704,O000560,P0004,3,289.27,867.81
OI002705,O000570,P0063,1,104.03,104.03
OI002706,O000536,P0103,3,71.16,213.48
OI002707,O000535,P0016,1,75.2,75.2
OI002708,O000014,P0180,1,43.78,43.78
OI002709,O000696,P0105,4,184.9,739.6
OI002710,O000467,P0060,1,71.75,71.75
OI002711,O000469,P0177,2,271.9,543.8
OI002712,O000114,P0136,1,60.43,60.43
OI002713,O000790,P0128,4,81.48,325.92
OI002714,O000622,P0032,3,98.45,295.35
OI002715,O000341,P0013,5,204.47,1022.35
OI002716,O000376,P0179,2,423.2,846.4
OI002717,O000587,P0085,2,82.19,164.38
OI002718,O000560,P0023,1,260.5,260.5
OI002719,O000034,P0130,5,113.44,567.2
OI002720,O000796,P0070,5,104.08,520.4
OI002721,O000779,P0024,5,81.07,405.35
OI002722,O000645,P0169,1,260.33,260.33
OI002723,O000655,P0066,5,55.48,277.4
OI002724,O000468,P0042,4,84.32,337.28
OI002725,O000135,P0034,3,118.3,354.9
OI002726,O000702,P0026,4,120.5,482.0
OI002727,O000368,P0055,5,99.52,497.6
OI002728,O000663,P0052,5,81.47,407.35
OI002729,O000894,P0021,3,115.8,347.4
OI002730,O000462,P0024,2,81.07,162.14
OI002731,O000438,P0120,5,55.36,276.8
OI002732,O000216,P0175,5,226.29,1131.45
OI002733,O000418,P0003,2,251.79,503.58
OI002734,O000118,P0078,1,78.12,78.12
OI002735,O000197,P0052,1,81.47,81.47
OI002736,O000113,P0017,5,48.14,240.7
OI002737,O000864,P0145,1,45.17,45.17
OI002738,O000989,P0122,4,112.3,449.2
OI002739,O000101,P0043,2,62.64,125.28
OI002740,O000546,P0116,4,345.28,1381.12
OI002741,O000549,P0100,1,83.19,83.19
OI002742,O000255,P0059,3,193.41,580.23
OI002743,O000953,P0018,3,368.51,1105.53
OI002744,O000290,P0056,4,175.19,700.76
OI002745,O000061,P0102,3,112.47,337.41
OI002746,O000230,P0140,3,420.42,1261.26
OI002747,O000123,P0029,3,137.48,412.44
OI002748,O000695,P0061,4,68.73,274.92
OI002749,O000126,P0196,4,97.68,390.72
OI002750,O000085,P0196,5,97.68,488.4
OI002751,O000289,P0168,5,72.78,363.9
OI002752,O000537,P0150,3,172.48,517.44
OI002753,O000786,P0199,1,341.73,341.73
OI002754,O000929,P0057,4,429.62,1718.48
OI002755,O000517,P0066,4,55.48,221.92
OI002756,O000915,P0021,4,115.8,463.2
OI002757,O000131,P0062,2,71.74,143.48
OI002758,O000893,P0065,1,107.74,107.74
OI002759,O000362,P0170,4,97.07,388.28
OI002760,O000880,P0076,1,79.1,79.1
OI002761,O000226,P0040,2,73.43,146.86
OI002762,O000902,P0068,2,67.6,135.2
OI002763,O000706,P0134,3,39.68,119.04
OI002764,O000694,P0073,2,112.77,225.54
OI002765,O000704,P0003,5,251.79,1258.95
OI002766,O000316,P0136,1,60.43,60.43
OI002767,O000308,P0026,1,120.5,120.5
OI002768,O000590,P0088,5,107.19,535.95
OI002769,O000968,P0053,2,89.14,178.28
OI002770,O000090,P0079,4,116.9,467.6
OI002771,O000253,P0124,3,83.79,251.37
OI002772,O000028,P0043,1,62.64,62.64
OI002773,O000433,P0197,1,188.73,188.73
OI002774,O000244,P0144,1,71.73,71.73
OI002775,O000961,P0127,4,56.63,226.52
OI002776,O000961,P0179,2,423.2,846.4
OI002777,O000636,P0086,4,69.43,277.72
OI002778,O000854,P0012,3,45.12,135.36
OI002779,O000389,P0018,5,368.51,1842.55
OI002780,O000586,P0125,5,339.63,1698.15
OI002781,O000540,P0037,2,163.56,327.12
OI002782,O000452,P0091,2,53.61,107.22
OI002783,O000571,P0078,5,78.12,390.6
OI002784,O000220,P0076,4,79.1,316.4
OI002785,O000584,P0124,3,83.79,251.37
OI002786,O000908,P0158,3,93.37,280.11
OI002787,O000481,P0058,1,390.27,390.27
OI002788,O000120,P0197,2,188.73,377.46
OI002789,O000970,P0042,4,84.32,337.28
OI002790,O000457,P0052,5,81.47,407.35
OI002791,O000762,P0116,4,345.28,1381.12
OI002792,O000325,P0157,2,329.97,659.94
OI002793,O000969,P0058,2,390.27,780.54
OI002794,O000857,P0058,2,390.27,780.54
OI002795,O000421,P0171,3,98.58,295.74
OI002796,O000439,P0153,4,83.43,333.72
OI002797,O000713,P0095,2,300.44,600.88
OI002798,O000793,P0124,1,83.79,83.79
OI002799,O000534,P0063,2,104.03,208.06
OI002800,O000916,P0081,1,78.99,78.99
OI002801,O000207,P0030,2,45.34,90.68
OI002802,O000076,P0097,1,24.44,24.44
OI002803,O000985,P0010,3,48.48,145.44
OI002804,O000117,P0061,1,68.73,68.73
OI002805,O000995,P0090,4,105.69,422.76
OI002806,O000144,P0038,1,68.52,68.52
OI002807,O000479,P0008,4,76.87,307.48
OI002808,O000808,P0056,1,175.19,175.19
OI002809,O000240,P0066,4,55.48,221.92
OI002810,O000416,P0001,4,205.63,822.52
OI002811,O000766,P0007,1,360.51,360.51
OI002812,O000752,P0178,3,284.43,853.29
OI002813,O000424,P0161,4,98.07,392.28
OI002814,O000829,P0111,1,80.09,80.09
OI002815,O000795,P0073,2,112.77,225.54
OI002816,O000399,P0012,1,45.12,45.12
OI002817,O000504,P0118,4,118.57,474.28
OI002818,O000571,P0037,4,163.56,654.24
OI002819,O000618,P0160,1,92.71,92.71
OI002820,O000461,P0163,3,124.01,372.03
OI002821,O000613,P0004,5,289.27,1446.35
OI002822,O000944,P0097,2,24.44,48.88
OI002823,O000678,P0137,1,98.66,98.66
OI002824,O000224,P0092,1,251.54,251.54
OI002825,O000570,P0145,2,45.17,90.34
OI002826,O000198,P0009,3,220.03,660.09
OI002827,O000430,P0068,3,67.6,202.8
OI002828,O000372,P0065,2,107.74,215.48
OI002829,O000774,P0011,1,332.11,332.11
OI002830,O000316,P0063,2,104.03,208.06
OI002831,O000564,P0062,3,71.74,215.22
OI002832,O000121,P0059,5,193.41,967.05
OI002833,O000302,P0003,4,251.79,1007.16
OI002834,O000434,P0088,2,107.19,214.38
OI002835,O000870,P0083,5,97.42,487.1
OI002836,O000820,P0064,2,105.72,211.44
OI002837,O000880,P0047,4,308.95,1235.8
OI002838,O000489,P0081,1,78.99,78.99
OI002839,O000742,P0072,4,138.56,554.24
OI002840,O000232,P0179,4,423.2,1692.8
OI002841,O000812,P0165,5,133.56,667.8
OI002842,O000611,P0065,1,107.74,107.74
OI002843,O000597,P0011,1,332.11,332.11
OI002844,O000860,P0145,2,45.17,90.34
OI002845,O000440,P0159,2,86.03,172.06
OI002846,O000902,P0158,1,93.37,93.37
OI002847,O000575,P0023,4,260.5,1042.0
OI002848,O000797,P0089,4,137.76,551.04
OI002849,O000578,P0136,5,60.43,302.15
OI002850,O000577,P0086,5,69.43,347.15
OI002851,O000246,P0102,2,112.47,224.94
OI002852,O000986,P0077,3,59.39,178.17
OI002853,O000267,P0199,1,341.73,341.73
OI002854,O000050,P0025,4,83.25,333.0
OI002855,O000008,P0082,1,108.55,108.55
OI002856,O000106,P0032,1,98.45,98.45
OI002857,O000711,P0076,2,79.1,158.2
OI002858,O000928,P0149,5,60.85,304.25
OI002859,O000253,P0194,5,284.46,1422.3
OI002860,O000567,P0029,5,137.48,687.4
OI002861,O000919,P0113,1,20.11,20.11
OI002862,O000291,P0191,2,267.43,534.86
OI002863,O000566,P0001,5,205.63,1028.15
OI002864,O000337,P0029,5,137.48,687.4
OI002865,O000865,P0141,3,247.81,743.43
OI002866,O000987,P0069,4,31.34,125.36
OI002867,O000065,P0062,2,71.74,143.48
OI002868,O000524,P0139,2,175.56,351.12
OI002869,O000348,P0060,2,71.75,143.5
OI002870,O000341,P0072,5,138.56,692.8
OI002871,O000248,P0026,4,120.5,482.0
OI002872,O000399,P0122,5,112.3,561.5
OI002873,O000652,P0157,5,329.97,1649.85
OI002874,O000776,P0172,1,71.84,71.84
OI002875,O000781,P0041,2,329.52,659.04
OI002876,O000042,P0172,5,71.84,359.2
OI002877,O000625,P0033,2,69.13,138.26
OI002878,O000222,P0074,1,68.57,68.57
OI002879,O000659,P0111,2,80.09,160.18
OI002880,O000260,P0017,1,48.14,48.14
OI002881,O000854,P0080,1,282.38,282.38
OI002882,O000680,P0138,3,117.83,353.49
OI002883,O000077,P0053,1,89.14,89.14
OI002884,O000566,P0150,3,172.48,517.44
OI002885,O000225,P0058,5,390.27,1951.35
OI002886,O000063,P0028,5,46.28,231.4
OI002887,O000462,P0148,2,300.56,601.12
OI002888,O000747,P0063,4,104.03,416.12
OI002889,O000282,P0059,1,193.41,193.41
OI002890,O000348,P0141,2,247.81,495.62
OI002891,O000783,P0134,5,39.68,198.4
OI002892,O000060,P0124,4,83.79,335.16
OI002893,O000250,P0029,4,137.48,549.92
OI002894,O000526,P0072,3,138.56,415.68
OI002895,O000189,P0054,5,31.28,156.4
OI002896,O000035,P0047,4,308.95,1235.8
OI002897,O000178,P0139,3,175.56,526.68
OI002898,O000984,P0053,4,89.14,356.56
OI002899,O000949,P0160,3,92.71,278.13
OI002900,O000970,P0174,5,347.83,1739.15
OI002901,O000625,P0044,2,83.65,167.3
OI002902,O000673,P0199,5,341.73,1708.65
OI002903,O000963,P0154,3,418.25,1254.75
OI002904,O000278,P0046,2,93.66,187.32
OI002905,O000814,P0050,5,115.95,579.75
OI002906,O000590,P0032,5,98.45,492.25
OI002907,O000350,P0198,2,267.05,534.1
OI002908,O000805,P0088,4,107.19,428.76
OI002909,O000993,P0104,3,53.78,161.34
OI002910,O000015,P0099,5,136.69,683.45
OI002911,O000296,P0098,3,87.52,262.56
OI002912,O000061,P0179,1,423.2,423.2
OI002913,O000671,P0032,4,98.45,393.8
OI002914,O000993,P0058,4,390.27,1561.08
OI002915,O000874,P0068,4,67.6,270.4
OI002916,O000726,P0005,4,283.06,1132.24
OI002917,O000491,P0030,5,45.34,226.7
OI002918,O000266,P0037,3,163.56,490.68
OI002919,O000603,P0077,3,59.39,178.17
OI002920,O000266,P0161,4,98.07,392.28
OI002921,O000847,P0074,2,68.57,137.14
OI002922,O000070,P0104,3,53.78,161.34
OI002923,O000741,P0075,2,101.68,203.36
OI002924,O000671,P0045,5,55.08,275.4
OI002925,O000887,P0048,4,22.94,91.76
OI002926,O000237,P0108,2,73.46,146.92
OI002927,O000721,P0118,5,118.57,592.85
OI002928,O000789,P0114,5,100.79,503.95
OI002929,O000081,P0113,3,20.11,60.33
OI002930,O000454,P0063,1,104.03,104.03
OI002931,O000686,P0091,1,53.61,53.61
OI002932,O000252,P0192,1,233.79,233.79
OI002933,O000152,P0182,3,99.66,298.98
OI002934,O000722,P0015,1,75.36,75.36
OI002935,O000226,P0001,3,205.63,616.89
OI002936,O000358,P0178,1,284.43,284.43
OI002937,O000970,P0062,4,71.74,286.96
OI002938,O000448,P0137,1,98.66,98.66
OI002939,O000682,P0021,5,115.8,579.0
OI002940,O000446,P0120,3,55.36,166.08
OI002941,O000220,P0173,3,93.0,279.0
OI002942,O000657,P0134,4,39.68,158.72
OI002943,O000393,P0025,5,83.25,416.25
OI002944,O000900,P0171,1,98.58,98.58
OI002945,O000719,P0147,2,323.57,647.14
OI002946,O000086,P0031,3,88.15,264.45
OI002947,O000268,P0132,5,67.76,338.8
OI002948,O000795,P0064,3,105.72,317.16
OI002949,O000061,P0091,3,53.61,160.83
OI002950,O000808,P0196,5,97.68,488.4
OI002951,O000534,P0109,5,269.31,1346.55
OI002952,O000831,P0117,3,227.62,682.86
OI002953,O000901,P0092,4,251.54,1006.16
OI002954,O000255,P0084,1,100.61,100.61
OI002955,O000124,P0086,1,69.43,69.43
OI002956,O000557,P0070,5,104.08,520.4
OI002957,O000114,P0115,2,47.59,95.18
OI002958,O000280,P0170,2,97.07,194.14
OI002959,O000622,P0137,4,98.66,394.64
OI002960,O000881,P0184,3,93.76,281.28
OI002961,O000961,P0136,4,60.43,241.72
OI002962,O000626,P0024,5,81.07,405.35
OI002963,O000347,P0094,4,76.44,305.76
OI002964,O000176,P0013,4,204.47,817.88
OI002965,O000794,P0189,1,131.12,131.12
OI002966,O000359,P0057,4,429.62,1718.48
OI002967,O000466,P0003,5,251.79,1258.95
OI002968,O000965,P0150,4,172.48,689.92
OI002969,O000241,P0031,2,88.15,176.3
OI002970,O000502,P0005,2,283.06,566.12
OI002971,O000027,P0129,2,43.04,86.08
OI002972,O000262,P0097,5,24.44,122.2
OI002973,O000312,P0132,3,67.76,203.28
OI002974,O000048,P0119,4,37.99,151.96
OI002975,O000441,P0093,1,133.0,133.0
OI002976,O000697,P0010,2,48.48,96.96
OI002977,O000583,P0016,5,75.2,376.0
OI002978,O000574,P0097,4,24.44,97.76
OI002979,O000110,P0059,4,193.41,773.64
OI002980,O000567,P0020,4,244.35,977.4
OI002981,O000797,P0025,2,83.25,166.5
OI002982,O000394,P0165,3,133.56,400.68
OI002983,O000934,P0122,3,112.3,336.9
OI002984,O000708,P0012,4,45.12,180.48
OI002985,O000272,P0049,2,210.17,420.34
OI002986,O000352,P0058,5,390.27,1951.35
OI002987,O000862,P0055,3,99.52,298.56
OI002988,O000834,P0146,1,62.75,62.75
OI002989,O000414,P0078,4,78.12,312.48
OI002990,O000546,P0014,1,160.43,160.43
OI002991,O000472,P0151,1,373.89,373.89
OI002992,O000150,P0006,3,64.76,194.28
OI002993,O000222,P0029,4,137.48,549.92
OI002994,O000631,P0013,2,204.47,408.94
OI002995,O000960,P0142,2,59.27,118.54
OI002996,O000444,P0152,5,124.65,623.25
OI002997,O000145,P0183,1,79.24,79.24
OI002998,O001000,P0106,2,121.07,242.14
OI002999,O000966,P0033,1,69.13,69.13
OI003000,O000762,P0151,2,373.89,747.78
